Uninstalled 1 package in 7ms
 - llama-cpp-python==0.3.16
DEBUG uv 0.8.23
DEBUG Disabling the uv cache due to `--no-cache`
DEBUG Acquired shared lock for `/tmp/.tmpzW9idy`
DEBUG Searching for default Python interpreter in virtual environments
DEBUG Found `cpython-3.12.11-linux-x86_64-gnu` at `/home/wsutt/dev/pkg/innocuous/.venv/bin/python3` (active virtual environment)
DEBUG Using Python 3.12.11 environment at: .venv
DEBUG Acquired lock for `.venv`
DEBUG Using request timeout of 30s
DEBUG Solving with installed Python version: 3.12.11
DEBUG Solving with target Python version: >=3.12.11
DEBUG Adding direct dependency: llama-cpp-python>=0.3.16, <0.3.16+
DEBUG No cache entry for: https://pypi.org/simple/llama-cpp-python/
DEBUG Searching for a compatible version of llama-cpp-python (>=0.3.16, <0.3.16+)
DEBUG Selecting: llama-cpp-python==0.3.16 [compatible] (llama_cpp_python-0.3.16.tar.gz)
DEBUG Acquired lock for `/tmp/.tmpzW9idy/sdists-v9/pypi/llama-cpp-python/0.3.16`
DEBUG No cache entry for: https://files.pythonhosted.org/packages/e4/b4/c8cd17629ced0b9644a71d399a91145aedef109c0333443bef015e45b704/llama_cpp_python-0.3.16.tar.gz
DEBUG Downloading source distribution: llama-cpp-python==0.3.16
DEBUG Found static `pyproject.toml` for: llama-cpp-python==0.3.16
DEBUG Released lock at `/tmp/.tmpzW9idy/sdists-v9/pypi/llama-cpp-python/0.3.16/.lock`
DEBUG Adding transitive dependency for llama-cpp-python==0.3.16: typing-extensions>=4.5.0
DEBUG Adding transitive dependency for llama-cpp-python==0.3.16: numpy>=1.20.0
DEBUG Adding transitive dependency for llama-cpp-python==0.3.16: diskcache>=5.6.1
DEBUG Adding transitive dependency for llama-cpp-python==0.3.16: jinja2>=2.11.3
DEBUG No cache entry for: https://pypi.org/simple/typing-extensions/
DEBUG No cache entry for: https://pypi.org/simple/numpy/
DEBUG No cache entry for: https://pypi.org/simple/diskcache/
DEBUG No cache entry for: https://pypi.org/simple/jinja2/
WARN Skipping file for jinja2: Jinja2-2.0rc1-py2.4-linux-i686.egg
WARN Skipping file for jinja2: Jinja2-2.0rc1-py2.4-linux-x86_64.egg
WARN Skipping file for jinja2: Jinja2-2.0rc1-py2.4-macosx-10.3-i386.egg
WARN Skipping file for jinja2: Jinja2-2.0rc1-py2.4-win32.egg
WARN Skipping file for jinja2: Jinja2-2.0rc1-py2.5-linux-i686.egg
WARN Skipping file for jinja2: Jinja2-2.0rc1-py2.5-linux-x86_64.egg
WARN Skipping file for jinja2: Jinja2-2.0rc1-py2.5-macosx-10.3-i386.egg
WARN Skipping file for jinja2: Jinja2-2.0rc1-py2.5-win32.egg
WARN Skipping file for jinja2: Jinja2-2.1-py2.4-win32.egg
WARN Skipping file for jinja2: Jinja2-2.1-py2.5-win32.egg
WARN Skipping file for jinja2: Jinja2-2.1-py2.6-win32.egg
WARN Skipping file for jinja2: Jinja2-2.1.1-py2.4-win32.egg
WARN Skipping file for jinja2: Jinja2-2.1.1-py2.5-win32.egg
WARN Skipping file for jinja2: Jinja2-2.1.1-py2.6-win32.egg
DEBUG No cache entry for: https://files.pythonhosted.org/packages/62/a1/3d680cbfd5f4b8f15abc1d571870c5fc3e594bb582bc3b64ea099db13e56/jinja2-3.1.6-py3-none-any.whl.metadata
DEBUG No cache entry for: https://files.pythonhosted.org/packages/3f/27/4570e78fc0bf5ea0ca45eb1de3818a23787af9b390c0b0a0033a1b8236f9/diskcache-5.6.3-py3-none-any.whl.metadata
DEBUG Searching for a compatible version of typing-extensions (>=4.5.0)
DEBUG Selecting: typing-extensions==4.15.0 [compatible] (typing_extensions-4.15.0-py3-none-any.whl)
DEBUG No cache entry for: https://files.pythonhosted.org/packages/18/67/36e9267722cc04a6b9f15c7f3441c2363321a3ea07da7ae0c0707beb2a9c/typing_extensions-4.15.0-py3-none-any.whl.metadata
WARN Skipping file for numpy: numpy-1.0.1.dev3460.win32-py2.4.exe
WARN Skipping file for numpy: numpy-1.3.0.win32-py2.5.exe
WARN Skipping file for numpy: numpy-1.5.0.win32-py2.6.exe
WARN Skipping file for numpy: numpy-1.5.1.win32-py2.5-nosse.exe
WARN Skipping file for numpy: numpy-1.5.1.win32-py2.6-nosse.exe
WARN Skipping file for numpy: numpy-1.5.1.win32-py2.7-nosse.exe
WARN Skipping file for numpy: numpy-1.5.1.win32-py3.1-nosse.exe
WARN Skipping file for numpy: numpy-1.6.0.win32-py2.5.exe
WARN Skipping file for numpy: numpy-1.6.0.win32-py2.6.exe
WARN Skipping file for numpy: numpy-1.6.0.win32-py2.7.exe
WARN Skipping file for numpy: numpy-1.6.0.win32-py3.1.exe
WARN Skipping file for numpy: numpy-1.6.0.win32-py3.2.exe
WARN Skipping file for numpy: numpy-1.6.1.win32-py2.5.exe
WARN Skipping file for numpy: numpy-1.6.1.win32-py2.6.exe
WARN Skipping file for numpy: numpy-1.6.1.win32-py2.7.exe
WARN Skipping file for numpy: numpy-1.6.1.win32-py3.1.exe
WARN Skipping file for numpy: numpy-1.6.1.win32-py3.2.exe
WARN Skipping file for numpy: numpy-1.6.2.win32-py2.5.exe
WARN Skipping file for numpy: numpy-1.6.2.win32-py2.6.exe
WARN Skipping file for numpy: numpy-1.6.2.win32-py2.7.exe
WARN Skipping file for numpy: numpy-1.6.2.win32-py3.1.exe
WARN Skipping file for numpy: numpy-1.6.2.win32-py3.2.exe
WARN Skipping file for numpy: numpy-1.7.0.win32-py2.5.exe
WARN Skipping file for numpy: numpy-1.7.0.win32-py2.6.exe
WARN Skipping file for numpy: numpy-1.7.0.win32-py2.7.exe
WARN Skipping file for numpy: numpy-1.7.0.win32-py3.1.exe
WARN Skipping file for numpy: numpy-1.7.0.win32-py3.2.exe
WARN Skipping file for numpy: numpy-1.7.0.win32-py3.3.exe
WARN Skipping file for numpy: numpy-1.7.1.win32-py2.5.exe
WARN Skipping file for numpy: numpy-1.7.1.win32-py2.6.exe
WARN Skipping file for numpy: numpy-1.7.1.win32-py2.7.exe
WARN Skipping file for numpy: numpy-1.7.1.win32-py3.1.exe
WARN Skipping file for numpy: numpy-1.7.1.win32-py3.2.exe
WARN Skipping file for numpy: numpy-1.7.1.win32-py3.3.exe
DEBUG Searching for a compatible version of numpy (>=1.20.0)
DEBUG Selecting: numpy==2.3.3 [compatible] (numpy-2.3.3-cp312-cp312-manylinux_2_27_x86_64.manylinux_2_28_x86_64.whl)
DEBUG No cache entry for: https://files.pythonhosted.org/packages/51/64/7de3c91e821a2debf77c92962ea3fe6ac2bc45d0778c1cbe15d4fce2fd94/numpy-2.3.3-cp312-cp312-manylinux_2_27_x86_64.manylinux_2_28_x86_64.whl.metadata
DEBUG Searching for a compatible version of diskcache (>=5.6.1)
DEBUG Selecting: diskcache==5.6.3 [compatible] (diskcache-5.6.3-py3-none-any.whl)
DEBUG Searching for a compatible version of jinja2 (>=2.11.3)
DEBUG Selecting: jinja2==3.1.6 [compatible] (jinja2-3.1.6-py3-none-any.whl)
DEBUG Adding transitive dependency for jinja2==3.1.6: markupsafe>=2.0
DEBUG No cache entry for: https://pypi.org/simple/markupsafe/
DEBUG Searching for a compatible version of markupsafe (>=2.0)
DEBUG Selecting: markupsafe==3.0.3 [compatible] (markupsafe-3.0.3-cp312-cp312-manylinux2014_x86_64.manylinux_2_17_x86_64.manylinux_2_28_x86_64.whl)
DEBUG No cache entry for: https://files.pythonhosted.org/packages/3c/2e/8d0c2ab90a8c1d9a24f0399058ab8519a3279d1bd4289511d74e909f060e/markupsafe-3.0.3-cp312-cp312-manylinux2014_x86_64.manylinux_2_17_x86_64.manylinux_2_28_x86_64.whl.metadata
DEBUG Tried 6 versions: diskcache 1, jinja2 1, llama-cpp-python 1, markupsafe 1, numpy 1, typing-extensions 1
DEBUG marker environment resolution took 1.136s
Resolved 6 packages in 1.13s
DEBUG Must revalidate requirement: markupsafe
DEBUG Must revalidate requirement: numpy
DEBUG Must revalidate requirement: jinja2
DEBUG Must revalidate requirement: diskcache
DEBUG Must revalidate requirement: llama-cpp-python
DEBUG Must revalidate requirement: typing-extensions
DEBUG Unnecessary package: asttokens==3.0.0
DEBUG Unnecessary package: comm==0.2.3
DEBUG Unnecessary package: debugpy==1.8.16
DEBUG Unnecessary package: decorator==5.2.1
DEBUG Unnecessary package: executing==2.2.0
DEBUG Unnecessary package: iniconfig==2.1.0
DEBUG Unnecessary package: innocuous==0.2.4 (from file:///home/wsutt/dev/pkg/innocuous)
DEBUG Unnecessary package: ipykernel==6.30.1
DEBUG Unnecessary package: ipython==9.4.0
DEBUG Unnecessary package: ipython-pygments-lexers==1.1.1
DEBUG Unnecessary package: jedi==0.19.2
DEBUG Unnecessary package: jupyter-client==8.6.3
DEBUG Unnecessary package: jupyter-core==5.8.1
DEBUG Unnecessary package: matplotlib-inline==0.1.7
DEBUG Unnecessary package: nest-asyncio==1.6.0
DEBUG Unnecessary package: packaging==25.0
DEBUG Unnecessary package: parso==0.8.4
DEBUG Unnecessary package: pexpect==4.9.0
DEBUG Unnecessary package: platformdirs==4.3.8
DEBUG Unnecessary package: pluggy==1.6.0
DEBUG Unnecessary package: prompt-toolkit==3.0.51
DEBUG Unnecessary package: psutil==7.0.0
DEBUG Unnecessary package: ptyprocess==0.7.0
DEBUG Unnecessary package: pure-eval==0.2.3
DEBUG Unnecessary package: pygments==2.19.2
DEBUG Unnecessary package: pytest==8.4.1
DEBUG Unnecessary package: pytest-mock==3.14.1
DEBUG Unnecessary package: python-dateutil==2.9.0.post0
DEBUG Unnecessary package: pyzmq==27.0.1
DEBUG Unnecessary package: six==1.17.0
DEBUG Unnecessary package: stack-data==0.6.3
DEBUG Unnecessary package: tornado==6.5.2
DEBUG Unnecessary package: traitlets==5.14.3
DEBUG Unnecessary package: wcwidth==0.2.13
DEBUG Acquired lock for `/tmp/.tmpzW9idy/sdists-v9/pypi/llama-cpp-python/0.3.16`
DEBUG No cache entry for: https://files.pythonhosted.org/packages/51/64/7de3c91e821a2debf77c92962ea3fe6ac2bc45d0778c1cbe15d4fce2fd94/numpy-2.3.3-cp312-cp312-manylinux_2_27_x86_64.manylinux_2_28_x86_64.whl
DEBUG No cache entry for: https://files.pythonhosted.org/packages/62/a1/3d680cbfd5f4b8f15abc1d571870c5fc3e594bb582bc3b64ea099db13e56/jinja2-3.1.6-py3-none-any.whl
DEBUG No cache entry for: https://files.pythonhosted.org/packages/3f/27/4570e78fc0bf5ea0ca45eb1de3818a23787af9b390c0b0a0033a1b8236f9/diskcache-5.6.3-py3-none-any.whl
DEBUG No cache entry for: https://files.pythonhosted.org/packages/18/67/36e9267722cc04a6b9f15c7f3441c2363321a3ea07da7ae0c0707beb2a9c/typing_extensions-4.15.0-py3-none-any.whl
DEBUG No cache entry for: https://files.pythonhosted.org/packages/3c/2e/8d0c2ab90a8c1d9a24f0399058ab8519a3279d1bd4289511d74e909f060e/markupsafe-3.0.3-cp312-cp312-manylinux2014_x86_64.manylinux_2_17_x86_64.manylinux_2_28_x86_64.whl
DEBUG Found fresh response for: https://files.pythonhosted.org/packages/e4/b4/c8cd17629ced0b9644a71d399a91145aedef109c0333443bef015e45b704/llama_cpp_python-0.3.16.tar.gz
   Building llama-cpp-python==0.3.16
DEBUG Building: llama-cpp-python==0.3.16
DEBUG Not using uv build backend direct build of `llama-cpp-python==0.3.16`, pyproject.toml does not match: The value for `build_system.build-backend` should be `"uv_build"`, not `"scikit_build_core.build"`
DEBUG Assessing Python executable as base candidate: /home/wsutt/.local/share/uv/python/cpython-3.12.11-linux-x86_64-gnu/bin/python3.12
DEBUG Reusing existing build environment for: llama-cpp-python==0.3.16
DEBUG Assessing Python executable as base candidate: /home/wsutt/.local/share/uv/python/cpython-3.12.11-linux-x86_64-gnu/bin/python3.12
DEBUG Using base executable for virtual environment: /home/wsutt/.local/share/uv/python/cpython-3.12.11-linux-x86_64-gnu/bin/python3.12
DEBUG Resolving build requirements
DEBUG Solving with installed Python version: 3.12.11
DEBUG Solving with target Python version: >=3.12.11
DEBUG Adding direct dependency: scikit-build-core[pyproject]>=0.9.2
DEBUG No cache entry for: https://pypi.org/simple/scikit-build-core/
Downloading numpy (15.9MiB)
DEBUG Searching for a compatible version of scikit-build-core[pyproject] (>=0.9.2)
DEBUG Selecting: scikit-build-core==0.11.6 [compatible] (scikit_build_core-0.11.6-py3-none-any.whl)
DEBUG Adding transitive dependency for scikit-build-core==0.11.6: scikit-build-core==0.11.6
DEBUG Adding transitive dependency for scikit-build-core==0.11.6: scikit-build-core[pyproject]==0.11.6
DEBUG Searching for a compatible version of scikit-build-core (==0.11.6)
DEBUG Selecting: scikit-build-core==0.11.6 [compatible] (scikit_build_core-0.11.6-py3-none-any.whl)
DEBUG No cache entry for: https://files.pythonhosted.org/packages/43/49/ec16b3db6893db788ae35f98506ff5a9c25dca7eb18cc38ada8a4c1dc944/scikit_build_core-0.11.6-py3-none-any.whl.metadata
DEBUG Adding transitive dependency for scikit-build-core==0.11.6: packaging>=23.2
DEBUG Adding transitive dependency for scikit-build-core==0.11.6: pathspec>=0.10.1
DEBUG Searching for a compatible version of scikit-build-core[pyproject] (==0.11.6)
DEBUG Selecting: scikit-build-core==0.11.6 [compatible] (scikit_build_core-0.11.6-py3-none-any.whl)
DEBUG No cache entry for: https://pypi.org/simple/packaging/
DEBUG No cache entry for: https://pypi.org/simple/pathspec/
DEBUG Searching for a compatible version of packaging (>=23.2)
DEBUG Selecting: packaging==25.0 [compatible] (packaging-25.0-py3-none-any.whl)
DEBUG No cache entry for: https://files.pythonhosted.org/packages/20/12/38679034af332785aac8774540895e234f4d07f7545804097de4b666afd8/packaging-25.0-py3-none-any.whl.metadata
DEBUG No cache entry for: https://files.pythonhosted.org/packages/cc/20/ff623b09d963f88bfde16306a54e12ee5ea43e9b597108672ff3a408aad6/pathspec-0.12.1-py3-none-any.whl.metadata
DEBUG Searching for a compatible version of pathspec (>=0.10.1)
DEBUG Selecting: pathspec==0.12.1 [compatible] (pathspec-0.12.1-py3-none-any.whl)
DEBUG Tried 3 versions: packaging 1, pathspec 1, scikit-build-core 1
DEBUG marker environment resolution took 0.101s
DEBUG Installing in scikit-build-core==0.11.6, packaging==25.0, pathspec==0.12.1 in /tmp/.tmpzW9idy/builds-v0/.tmpAPB410
DEBUG Must revalidate requirement: scikit-build-core
DEBUG Must revalidate requirement: packaging
DEBUG Must revalidate requirement: pathspec
DEBUG Downloading and building requirements for build: scikit-build-core==0.11.6, packaging==25.0, pathspec==0.12.1
DEBUG No cache entry for: https://files.pythonhosted.org/packages/43/49/ec16b3db6893db788ae35f98506ff5a9c25dca7eb18cc38ada8a4c1dc944/scikit_build_core-0.11.6-py3-none-any.whl
DEBUG No cache entry for: https://files.pythonhosted.org/packages/20/12/38679034af332785aac8774540895e234f4d07f7545804097de4b666afd8/packaging-25.0-py3-none-any.whl
DEBUG No cache entry for: https://files.pythonhosted.org/packages/cc/20/ff623b09d963f88bfde16306a54e12ee5ea43e9b597108672ff3a408aad6/pathspec-0.12.1-py3-none-any.whl
DEBUG Installing build requirements: pathspec==0.12.1, packaging==25.0, scikit-build-core==0.11.6
DEBUG Creating PEP 517 build environment
DEBUG Calling `scikit_build_core.build.get_requires_for_build_wheel()`
DEBUG Calling `scikit_build_core.build.build_wheel("/tmp/.tmpzW9idy/builds-v0/.tmp3NJ8TZ", {"cmake.define.CMAKE_BUILD_TYPE":"Release","cmake.define.GGML_AVX":"OFF","cmake.define.GGML_AVX2":"OFF","cmake.define.GGML_AVX512":"OFF","cmake.define.GGML_BLAS":"OFF","cmake.define.GGML_CPU_NO_DISPATCH":"ON","cmake.define.GGML_F16C":"OFF","cmake.define.GGML_FMA":"OFF","cmake.define.GGML_NATIVE":"OFF","cmake.define.GGML_OPENMP":"OFF","cmake.verbose":"true"}, None)`
 Downloading numpy
DEBUG *** scikit-build-core 0.11.6 using CMake 3.25.1 (wheel)
DEBUG *** Configuring CMake...
DEBUG loading initial cache file /tmp/tmp050chdw2/build/CMakeInit.txt
DEBUG Re-run cmake no build system arguments
DEBUG -- The C compiler identification is GNU 12.2.0
DEBUG -- The CXX compiler identification is GNU 12.2.0
DEBUG -- Detecting C compiler ABI info
DEBUG -- Detecting C compiler ABI info - done
DEBUG -- Check for working C compiler: /usr/bin/cc - skipped
DEBUG -- Detecting C compile features
DEBUG -- Detecting C compile features - done
DEBUG -- Detecting CXX compiler ABI info
DEBUG -- Detecting CXX compiler ABI info - done
DEBUG -- Check for working CXX compiler: /usr/bin/c++ - skipped
DEBUG -- Detecting CXX compile features
DEBUG -- Detecting CXX compile features - done
DEBUG CMAKE_BUILD_TYPE=Release
DEBUG -- Found Git: /usr/bin/git (found version "2.39.5") 
DEBUG -- Performing Test CMAKE_HAVE_LIBC_PTHREAD
DEBUG -- Performing Test CMAKE_HAVE_LIBC_PTHREAD - Success
DEBUG -- Found Threads: TRUE  
DEBUG -- Warning: ccache not found - consider installing it for faster compilation or disable this warning with GGML_CCACHE=OFF
DEBUG -- CMAKE_SYSTEM_PROCESSOR: x86_64
DEBUG -- GGML_SYSTEM_ARCH: x86
DEBUG -- Including CPU backend
DEBUG -- x86 detected
DEBUG -- Adding CPU backend variant ggml-cpu: -msse4.2;-mbmi2 GGML_SSE42;GGML_BMI2
DEBUG -- ggml version: 0.0.1
DEBUG -- ggml commit:  4227c9b
DEBUG CMake Warning (dev) at CMakeLists.txt:13 (install):
DEBUG   Target llama has PUBLIC_HEADER files but no PUBLIC_HEADER DESTINATION.
DEBUG Call Stack (most recent call first):
DEBUG   CMakeLists.txt:108 (llama_cpp_python_install_target)
DEBUG This warning is for project developers.  Use -Wno-dev to suppress it.
DEBUG 
DEBUG CMake Warning (dev) at CMakeLists.txt:21 (install):
DEBUG   Target llama has PUBLIC_HEADER files but no PUBLIC_HEADER DESTINATION.
DEBUG Call Stack (most recent call first):
DEBUG   CMakeLists.txt:108 (llama_cpp_python_install_target)
DEBUG This warning is for project developers.  Use -Wno-dev to suppress it.
DEBUG 
DEBUG CMake Warning (dev) at CMakeLists.txt:13 (install):
DEBUG   Target ggml has PUBLIC_HEADER files but no PUBLIC_HEADER DESTINATION.
DEBUG Call Stack (most recent call first):
DEBUG   CMakeLists.txt:109 (llama_cpp_python_install_target)
DEBUG This warning is for project developers.  Use -Wno-dev to suppress it.
DEBUG 
DEBUG CMake Warning (dev) at CMakeLists.txt:21 (install):
DEBUG   Target ggml has PUBLIC_HEADER files but no PUBLIC_HEADER DESTINATION.
DEBUG Call Stack (most recent call first):
DEBUG   CMakeLists.txt:109 (llama_cpp_python_install_target)
DEBUG This warning is for project developers.  Use -Wno-dev to suppress it.
DEBUG 
DEBUG CMake Warning (dev) at CMakeLists.txt:13 (install):
DEBUG   Target mtmd has PUBLIC_HEADER files but no PUBLIC_HEADER DESTINATION.
DEBUG Call Stack (most recent call first):
DEBUG   CMakeLists.txt:162 (llama_cpp_python_install_target)
DEBUG This warning is for project developers.  Use -Wno-dev to suppress it.
DEBUG 
DEBUG CMake Warning (dev) at CMakeLists.txt:21 (install):
DEBUG   Target mtmd has PUBLIC_HEADER files but no PUBLIC_HEADER DESTINATION.
DEBUG Call Stack (most recent call first):
DEBUG   CMakeLists.txt:162 (llama_cpp_python_install_target)
DEBUG This warning is for project developers.  Use -Wno-dev to suppress it.
DEBUG 
DEBUG -- Configuring done
DEBUG -- Generating done
DEBUG -- Build files have been written to: /tmp/tmp050chdw2/build
DEBUG *** Building project with Ninja...
DEBUG [1/84] /usr/bin/c++  -pthread -DGGML_BUILD -DGGML_COMMIT=\"4227c9b\" -DGGML_SCHED_MAX_COPIES=4 -DGGML_SHARED -DGGML_VERSION=\"0.0.1\" -D_GNU_SOURCE -D_XOPEN_SOURCE=600 -Dggml_base_EXPORTS -I/tmp/.tmpzW9idy/sdists-v9/pypi/llama-cpp-python/0.3.16/6QoL7-L45E3aUIO8EfE9V/src/vendor/llama.cpp/ggml/src/. -I/tmp/.tmpzW9idy/sdists-v9/pypi/llama-cpp-python/0.3.16/6QoL7-L45E3aUIO8EfE9V/src/vendor/llama.cpp/ggml/src/../include -O3 -DNDEBUG -fPIC -Wmissing-declarations -Wmissing-noreturn -Wall -Wextra -Wpedantic -Wcast-qual -Wno-unused-function -Wno-array-bounds -Wextra-semi -std=gnu++17 -MD -MT vendor/llama.cpp/ggml/src/CMakeFiles/ggml-base.dir/ggml.cpp.o -MF vendor/llama.cpp/ggml/src/CMakeFiles/ggml-base.dir/ggml.cpp.o.d -o vendor/llama.cpp/ggml/src/CMakeFiles/ggml-base.dir/ggml.cpp.o -c /tmp/.tmpzW9idy/sdists-v9/pypi/llama-cpp-python/0.3.16/6QoL7-L45E3aUIO8EfE9V/src/vendor/llama.cpp/ggml/src/ggml.cpp
DEBUG [2/84] /usr/bin/c++  -pthread -DGGML_BUILD -DGGML_COMMIT=\"4227c9b\" -DGGML_SCHED_MAX_COPIES=4 -DGGML_SHARED -DGGML_VERSION=\"0.0.1\" -D_GNU_SOURCE -D_XOPEN_SOURCE=600 -Dggml_base_EXPORTS -I/tmp/.tmpzW9idy/sdists-v9/pypi/llama-cpp-python/0.3.16/6QoL7-L45E3aUIO8EfE9V/src/vendor/llama.cpp/ggml/src/. -I/tmp/.tmpzW9idy/sdists-v9/pypi/llama-cpp-python/0.3.16/6QoL7-L45E3aUIO8EfE9V/src/vendor/llama.cpp/ggml/src/../include -O3 -DNDEBUG -fPIC -Wmissing-declarations -Wmissing-noreturn -Wall -Wextra -Wpedantic -Wcast-qual -Wno-unused-function -Wno-array-bounds -Wextra-semi -std=gnu++17 -MD -MT vendor/llama.cpp/ggml/src/CMakeFiles/ggml-base.dir/ggml-threading.cpp.o -MF vendor/llama.cpp/ggml/src/CMakeFiles/ggml-base.dir/ggml-threading.cpp.o.d -o vendor/llama.cpp/ggml/src/CMakeFiles/ggml-base.dir/ggml-threading.cpp.o -c /tmp/.tmpzW9idy/sdists-v9/pypi/llama-cpp-python/0.3.16/6QoL7-L45E3aUIO8EfE9V/src/vendor/llama.cpp/ggml/src/ggml-threading.cpp
DEBUG [3/84] /usr/bin/cc  -pthread -DGGML_BUILD -DGGML_COMMIT=\"4227c9b\" -DGGML_SCHED_MAX_COPIES=4 -DGGML_SHARED -DGGML_VERSION=\"0.0.1\" -D_GNU_SOURCE -D_XOPEN_SOURCE=600 -Dggml_base_EXPORTS -I/tmp/.tmpzW9idy/sdists-v9/pypi/llama-cpp-python/0.3.16/6QoL7-L45E3aUIO8EfE9V/src/vendor/llama.cpp/ggml/src/. -I/tmp/.tmpzW9idy/sdists-v9/pypi/llama-cpp-python/0.3.16/6QoL7-L45E3aUIO8EfE9V/src/vendor/llama.cpp/ggml/src/../include -O3 -DNDEBUG -fPIC -Wshadow -Wstrict-prototypes -Wpointer-arith -Wmissing-prototypes -Werror=implicit-int -Werror=implicit-function-declaration -Wall -Wextra -Wpedantic -Wcast-qual -Wno-unused-function -Wdouble-promotion -std=gnu11 -MD -MT vendor/llama.cpp/ggml/src/CMakeFiles/ggml-base.dir/ggml-alloc.c.o -MF vendor/llama.cpp/ggml/src/CMakeFiles/ggml-base.dir/ggml-alloc.c.o.d -o vendor/llama.cpp/ggml/src/CMakeFiles/ggml-base.dir/ggml-alloc.c.o -c /tmp/.tmpzW9idy/sdists-v9/pypi/llama-cpp-python/0.3.16/6QoL7-L45E3aUIO8EfE9V/src/vendor/llama.cpp/ggml/src/ggml-alloc.c
DEBUG [4/84] /usr/bin/c++  -pthread -DGGML_BACKEND_BUILD -DGGML_BACKEND_SHARED -DGGML_BMI2 -DGGML_SCHED_MAX_COPIES=4 -DGGML_SHARED -DGGML_SSE42 -DGGML_USE_CPU_REPACK -DGGML_USE_LLAMAFILE -D_GNU_SOURCE -D_XOPEN_SOURCE=600 -Dggml_cpu_EXPORTS -I/tmp/.tmpzW9idy/sdists-v9/pypi/llama-cpp-python/0.3.16/6QoL7-L45E3aUIO8EfE9V/src/vendor/llama.cpp/ggml/src/.. -I/tmp/.tmpzW9idy/sdists-v9/pypi/llama-cpp-python/0.3.16/6QoL7-L45E3aUIO8EfE9V/src/vendor/llama.cpp/ggml/src/. -I/tmp/.tmpzW9idy/sdists-v9/pypi/llama-cpp-python/0.3.16/6QoL7-L45E3aUIO8EfE9V/src/vendor/llama.cpp/ggml/src/ggml-cpu -I/tmp/.tmpzW9idy/sdists-v9/pypi/llama-cpp-python/0.3.16/6QoL7-L45E3aUIO8EfE9V/src/vendor/llama.cpp/ggml/src/../include -O3 -DNDEBUG -fPIC -Wmissing-declarations -Wmissing-noreturn -Wall -Wextra -Wpedantic -Wcast-qual -Wno-unused-function -Wno-array-bounds -Wextra-semi -msse4.2 -mbmi2 -std=gnu++17 -MD -MT vendor/llama.cpp/ggml/src/CMakeFiles/ggml-cpu.dir/ggml-cpu/hbm.cpp.o -MF vendor/llama.cpp/ggml/src/CMakeFiles/ggml-cpu.dir/ggml-cpu/hbm.cpp.o.d -o vendor/llama.cpp/ggml/src/CMakeFiles/ggml-cpu.dir/ggml-cpu/hbm.cpp.o -c /tmp/.tmpzW9idy/sdists-v9/pypi/llama-cpp-python/0.3.16/6QoL7-L45E3aUIO8EfE9V/src/vendor/llama.cpp/ggml/src/ggml-cpu/hbm.cpp
DEBUG [5/84] /usr/bin/cc  -pthread -DGGML_BACKEND_BUILD -DGGML_BACKEND_SHARED -DGGML_BMI2 -DGGML_SCHED_MAX_COPIES=4 -DGGML_SHARED -DGGML_SSE42 -DGGML_USE_CPU_REPACK -DGGML_USE_LLAMAFILE -D_GNU_SOURCE -D_XOPEN_SOURCE=600 -Dggml_cpu_EXPORTS -I/tmp/.tmpzW9idy/sdists-v9/pypi/llama-cpp-python/0.3.16/6QoL7-L45E3aUIO8EfE9V/src/vendor/llama.cpp/ggml/src/.. -I/tmp/.tmpzW9idy/sdists-v9/pypi/llama-cpp-python/0.3.16/6QoL7-L45E3aUIO8EfE9V/src/vendor/llama.cpp/ggml/src/. -I/tmp/.tmpzW9idy/sdists-v9/pypi/llama-cpp-python/0.3.16/6QoL7-L45E3aUIO8EfE9V/src/vendor/llama.cpp/ggml/src/ggml-cpu -I/tmp/.tmpzW9idy/sdists-v9/pypi/llama-cpp-python/0.3.16/6QoL7-L45E3aUIO8EfE9V/src/vendor/llama.cpp/ggml/src/../include -O3 -DNDEBUG -fPIC -Wshadow -Wstrict-prototypes -Wpointer-arith -Wmissing-prototypes -Werror=implicit-int -Werror=implicit-function-declaration -Wall -Wextra -Wpedantic -Wcast-qual -Wno-unused-function -Wdouble-promotion -msse4.2 -mbmi2 -std=gnu11 -MD -MT vendor/llama.cpp/ggml/src/CMakeFiles/ggml-cpu.dir/ggml-cpu/ggml-cpu.c.o -MF vendor/llama.cpp/ggml/src/CMakeFiles/ggml-cpu.dir/ggml-cpu/ggml-cpu.c.o.d -o vendor/llama.cpp/ggml/src/CMakeFiles/ggml-cpu.dir/ggml-cpu/ggml-cpu.c.o -c /tmp/.tmpzW9idy/sdists-v9/pypi/llama-cpp-python/0.3.16/6QoL7-L45E3aUIO8EfE9V/src/vendor/llama.cpp/ggml/src/ggml-cpu/ggml-cpu.c
DEBUG [6/84] /usr/bin/c++  -pthread -DGGML_BUILD -DGGML_COMMIT=\"4227c9b\" -DGGML_SCHED_MAX_COPIES=4 -DGGML_SHARED -DGGML_VERSION=\"0.0.1\" -D_GNU_SOURCE -D_XOPEN_SOURCE=600 -Dggml_base_EXPORTS -I/tmp/.tmpzW9idy/sdists-v9/pypi/llama-cpp-python/0.3.16/6QoL7-L45E3aUIO8EfE9V/src/vendor/llama.cpp/ggml/src/. -I/tmp/.tmpzW9idy/sdists-v9/pypi/llama-cpp-python/0.3.16/6QoL7-L45E3aUIO8EfE9V/src/vendor/llama.cpp/ggml/src/../include -O3 -DNDEBUG -fPIC -Wmissing-declarations -Wmissing-noreturn -Wall -Wextra -Wpedantic -Wcast-qual -Wno-unused-function -Wno-array-bounds -Wextra-semi -std=gnu++17 -MD -MT vendor/llama.cpp/ggml/src/CMakeFiles/ggml-base.dir/ggml-backend.cpp.o -MF vendor/llama.cpp/ggml/src/CMakeFiles/ggml-base.dir/ggml-backend.cpp.o.d -o vendor/llama.cpp/ggml/src/CMakeFiles/ggml-base.dir/ggml-backend.cpp.o -c /tmp/.tmpzW9idy/sdists-v9/pypi/llama-cpp-python/0.3.16/6QoL7-L45E3aUIO8EfE9V/src/vendor/llama.cpp/ggml/src/ggml-backend.cpp
DEBUG [7/84] /usr/bin/c++  -pthread -DGGML_BUILD -DGGML_COMMIT=\"4227c9b\" -DGGML_SCHED_MAX_COPIES=4 -DGGML_SHARED -DGGML_VERSION=\"0.0.1\" -D_GNU_SOURCE -D_XOPEN_SOURCE=600 -Dggml_base_EXPORTS -I/tmp/.tmpzW9idy/sdists-v9/pypi/llama-cpp-python/0.3.16/6QoL7-L45E3aUIO8EfE9V/src/vendor/llama.cpp/ggml/src/. -I/tmp/.tmpzW9idy/sdists-v9/pypi/llama-cpp-python/0.3.16/6QoL7-L45E3aUIO8EfE9V/src/vendor/llama.cpp/ggml/src/../include -O3 -DNDEBUG -fPIC -Wmissing-declarations -Wmissing-noreturn -Wall -Wextra -Wpedantic -Wcast-qual -Wno-unused-function -Wno-array-bounds -Wextra-semi -std=gnu++17 -MD -MT vendor/llama.cpp/ggml/src/CMakeFiles/ggml-base.dir/ggml-opt.cpp.o -MF vendor/llama.cpp/ggml/src/CMakeFiles/ggml-base.dir/ggml-opt.cpp.o.d -o vendor/llama.cpp/ggml/src/CMakeFiles/ggml-base.dir/ggml-opt.cpp.o -c /tmp/.tmpzW9idy/sdists-v9/pypi/llama-cpp-python/0.3.16/6QoL7-L45E3aUIO8EfE9V/src/vendor/llama.cpp/ggml/src/ggml-opt.cpp
DEBUG [8/84] /usr/bin/c++  -pthread -DGGML_BACKEND_SHARED -DGGML_BUILD -DGGML_SCHED_MAX_COPIES=4 -DGGML_SHARED -DGGML_USE_CPU -D_GNU_SOURCE -D_XOPEN_SOURCE=600 -Dggml_EXPORTS -I/tmp/.tmpzW9idy/sdists-v9/pypi/llama-cpp-python/0.3.16/6QoL7-L45E3aUIO8EfE9V/src/vendor/llama.cpp/ggml/src/../include -O3 -DNDEBUG -fPIC -Wmissing-declarations -Wmissing-noreturn -Wall -Wextra -Wpedantic -Wcast-qual -Wno-unused-function -Wno-array-bounds -Wextra-semi -std=gnu++17 -MD -MT vendor/llama.cpp/ggml/src/CMakeFiles/ggml.dir/ggml-backend-reg.cpp.o -MF vendor/llama.cpp/ggml/src/CMakeFiles/ggml.dir/ggml-backend-reg.cpp.o.d -o vendor/llama.cpp/ggml/src/CMakeFiles/ggml.dir/ggml-backend-reg.cpp.o -c /tmp/.tmpzW9idy/sdists-v9/pypi/llama-cpp-python/0.3.16/6QoL7-L45E3aUIO8EfE9V/src/vendor/llama.cpp/ggml/src/ggml-backend-reg.cpp
DEBUG [9/84] /usr/bin/c++  -pthread -DGGML_BACKEND_BUILD -DGGML_BACKEND_SHARED -DGGML_BMI2 -DGGML_SCHED_MAX_COPIES=4 -DGGML_SHARED -DGGML_SSE42 -DGGML_USE_CPU_REPACK -DGGML_USE_LLAMAFILE -D_GNU_SOURCE -D_XOPEN_SOURCE=600 -Dggml_cpu_EXPORTS -I/tmp/.tmpzW9idy/sdists-v9/pypi/llama-cpp-python/0.3.16/6QoL7-L45E3aUIO8EfE9V/src/vendor/llama.cpp/ggml/src/.. -I/tmp/.tmpzW9idy/sdists-v9/pypi/llama-cpp-python/0.3.16/6QoL7-L45E3aUIO8EfE9V/src/vendor/llama.cpp/ggml/src/. -I/tmp/.tmpzW9idy/sdists-v9/pypi/llama-cpp-python/0.3.16/6QoL7-L45E3aUIO8EfE9V/src/vendor/llama.cpp/ggml/src/ggml-cpu -I/tmp/.tmpzW9idy/sdists-v9/pypi/llama-cpp-python/0.3.16/6QoL7-L45E3aUIO8EfE9V/src/vendor/llama.cpp/ggml/src/../include -O3 -DNDEBUG -fPIC -Wmissing-declarations -Wmissing-noreturn -Wall -Wextra -Wpedantic -Wcast-qual -Wno-unused-function -Wno-array-bounds -Wextra-semi -msse4.2 -mbmi2 -std=gnu++17 -MD -MT vendor/llama.cpp/ggml/src/CMakeFiles/ggml-cpu.dir/ggml-cpu/ggml-cpu.cpp.o -MF vendor/llama.cpp/ggml/src/CMakeFiles/ggml-cpu.dir/ggml-cpu/ggml-cpu.cpp.o.d -o vendor/llama.cpp/ggml/src/CMakeFiles/ggml-cpu.dir/ggml-cpu/ggml-cpu.cpp.o -c /tmp/.tmpzW9idy/sdists-v9/pypi/llama-cpp-python/0.3.16/6QoL7-L45E3aUIO8EfE9V/src/vendor/llama.cpp/ggml/src/ggml-cpu/ggml-cpu.cpp
DEBUG [10/84] /usr/bin/cc  -pthread -DGGML_BUILD -DGGML_COMMIT=\"4227c9b\" -DGGML_SCHED_MAX_COPIES=4 -DGGML_SHARED -DGGML_VERSION=\"0.0.1\" -D_GNU_SOURCE -D_XOPEN_SOURCE=600 -Dggml_base_EXPORTS -I/tmp/.tmpzW9idy/sdists-v9/pypi/llama-cpp-python/0.3.16/6QoL7-L45E3aUIO8EfE9V/src/vendor/llama.cpp/ggml/src/. -I/tmp/.tmpzW9idy/sdists-v9/pypi/llama-cpp-python/0.3.16/6QoL7-L45E3aUIO8EfE9V/src/vendor/llama.cpp/ggml/src/../include -O3 -DNDEBUG -fPIC -Wshadow -Wstrict-prototypes -Wpointer-arith -Wmissing-prototypes -Werror=implicit-int -Werror=implicit-function-declaration -Wall -Wextra -Wpedantic -Wcast-qual -Wno-unused-function -Wdouble-promotion -std=gnu11 -MD -MT vendor/llama.cpp/ggml/src/CMakeFiles/ggml-base.dir/ggml.c.o -MF vendor/llama.cpp/ggml/src/CMakeFiles/ggml-base.dir/ggml.c.o.d -o vendor/llama.cpp/ggml/src/CMakeFiles/ggml-base.dir/ggml.c.o -c /tmp/.tmpzW9idy/sdists-v9/pypi/llama-cpp-python/0.3.16/6QoL7-L45E3aUIO8EfE9V/src/vendor/llama.cpp/ggml/src/ggml.c
DEBUG [11/84] /usr/bin/cc  -pthread -DGGML_BACKEND_BUILD -DGGML_BACKEND_SHARED -DGGML_BMI2 -DGGML_SCHED_MAX_COPIES=4 -DGGML_SHARED -DGGML_SSE42 -DGGML_USE_CPU_REPACK -DGGML_USE_LLAMAFILE -D_GNU_SOURCE -D_XOPEN_SOURCE=600 -Dggml_cpu_EXPORTS -I/tmp/.tmpzW9idy/sdists-v9/pypi/llama-cpp-python/0.3.16/6QoL7-L45E3aUIO8EfE9V/src/vendor/llama.cpp/ggml/src/.. -I/tmp/.tmpzW9idy/sdists-v9/pypi/llama-cpp-python/0.3.16/6QoL7-L45E3aUIO8EfE9V/src/vendor/llama.cpp/ggml/src/. -I/tmp/.tmpzW9idy/sdists-v9/pypi/llama-cpp-python/0.3.16/6QoL7-L45E3aUIO8EfE9V/src/vendor/llama.cpp/ggml/src/ggml-cpu -I/tmp/.tmpzW9idy/sdists-v9/pypi/llama-cpp-python/0.3.16/6QoL7-L45E3aUIO8EfE9V/src/vendor/llama.cpp/ggml/src/../include -O3 -DNDEBUG -fPIC -Wshadow -Wstrict-prototypes -Wpointer-arith -Wmissing-prototypes -Werror=implicit-int -Werror=implicit-function-declaration -Wall -Wextra -Wpedantic -Wcast-qual -Wno-unused-function -Wdouble-promotion -msse4.2 -mbmi2 -std=gnu11 -MD -MT vendor/llama.cpp/ggml/src/CMakeFiles/ggml-cpu.dir/ggml-cpu/quants.c.o -MF vendor/llama.cpp/ggml/src/CMakeFiles/ggml-cpu.dir/ggml-cpu/quants.c.o.d -o vendor/llama.cpp/ggml/src/CMakeFiles/ggml-cpu.dir/ggml-cpu/quants.c.o -c /tmp/.tmpzW9idy/sdists-v9/pypi/llama-cpp-python/0.3.16/6QoL7-L45E3aUIO8EfE9V/src/vendor/llama.cpp/ggml/src/ggml-cpu/quants.c
DEBUG [12/84] /usr/bin/c++  -pthread -DGGML_BACKEND_BUILD -DGGML_BACKEND_SHARED -DGGML_BMI2 -DGGML_SCHED_MAX_COPIES=4 -DGGML_SHARED -DGGML_SSE42 -DGGML_USE_CPU_REPACK -DGGML_USE_LLAMAFILE -D_GNU_SOURCE -D_XOPEN_SOURCE=600 -Dggml_cpu_EXPORTS -I/tmp/.tmpzW9idy/sdists-v9/pypi/llama-cpp-python/0.3.16/6QoL7-L45E3aUIO8EfE9V/src/vendor/llama.cpp/ggml/src/.. -I/tmp/.tmpzW9idy/sdists-v9/pypi/llama-cpp-python/0.3.16/6QoL7-L45E3aUIO8EfE9V/src/vendor/llama.cpp/ggml/src/. -I/tmp/.tmpzW9idy/sdists-v9/pypi/llama-cpp-python/0.3.16/6QoL7-L45E3aUIO8EfE9V/src/vendor/llama.cpp/ggml/src/ggml-cpu -I/tmp/.tmpzW9idy/sdists-v9/pypi/llama-cpp-python/0.3.16/6QoL7-L45E3aUIO8EfE9V/src/vendor/llama.cpp/ggml/src/../include -O3 -DNDEBUG -fPIC -Wmissing-declarations -Wmissing-noreturn -Wall -Wextra -Wpedantic -Wcast-qual -Wno-unused-function -Wno-array-bounds -Wextra-semi -msse4.2 -mbmi2 -std=gnu++17 -MD -MT vendor/llama.cpp/ggml/src/CMakeFiles/ggml-cpu.dir/ggml-cpu/traits.cpp.o -MF vendor/llama.cpp/ggml/src/CMakeFiles/ggml-cpu.dir/ggml-cpu/traits.cpp.o.d -o vendor/llama.cpp/ggml/src/CMakeFiles/ggml-cpu.dir/ggml-cpu/traits.cpp.o -c /tmp/.tmpzW9idy/sdists-v9/pypi/llama-cpp-python/0.3.16/6QoL7-L45E3aUIO8EfE9V/src/vendor/llama.cpp/ggml/src/ggml-cpu/traits.cpp
DEBUG [13/84] /usr/bin/c++  -pthread -DGGML_BACKEND_BUILD -DGGML_BACKEND_SHARED -DGGML_BMI2 -DGGML_SCHED_MAX_COPIES=4 -DGGML_SHARED -DGGML_SSE42 -DGGML_USE_CPU_REPACK -DGGML_USE_LLAMAFILE -D_GNU_SOURCE -D_XOPEN_SOURCE=600 -Dggml_cpu_EXPORTS -I/tmp/.tmpzW9idy/sdists-v9/pypi/llama-cpp-python/0.3.16/6QoL7-L45E3aUIO8EfE9V/src/vendor/llama.cpp/ggml/src/.. -I/tmp/.tmpzW9idy/sdists-v9/pypi/llama-cpp-python/0.3.16/6QoL7-L45E3aUIO8EfE9V/src/vendor/llama.cpp/ggml/src/. -I/tmp/.tmpzW9idy/sdists-v9/pypi/llama-cpp-python/0.3.16/6QoL7-L45E3aUIO8EfE9V/src/vendor/llama.cpp/ggml/src/ggml-cpu -I/tmp/.tmpzW9idy/sdists-v9/pypi/llama-cpp-python/0.3.16/6QoL7-L45E3aUIO8EfE9V/src/vendor/llama.cpp/ggml/src/../include -O3 -DNDEBUG -fPIC -Wmissing-declarations -Wmissing-noreturn -Wall -Wextra -Wpedantic -Wcast-qual -Wno-unused-function -Wno-array-bounds -Wextra-semi -msse4.2 -mbmi2 -std=gnu++17 -MD -MT vendor/llama.cpp/ggml/src/CMakeFiles/ggml-cpu.dir/ggml-cpu/amx/mmq.cpp.o -MF vendor/llama.cpp/ggml/src/CMakeFiles/ggml-cpu.dir/ggml-cpu/amx/mmq.cpp.o.d -o vendor/llama.cpp/ggml/src/CMakeFiles/ggml-cpu.dir/ggml-cpu/amx/mmq.cpp.o -c /tmp/.tmpzW9idy/sdists-v9/pypi/llama-cpp-python/0.3.16/6QoL7-L45E3aUIO8EfE9V/src/vendor/llama.cpp/ggml/src/ggml-cpu/amx/mmq.cpp
DEBUG [14/84] /usr/bin/c++  -pthread -DGGML_BACKEND_BUILD -DGGML_BACKEND_SHARED -DGGML_BMI2 -DGGML_SCHED_MAX_COPIES=4 -DGGML_SHARED -DGGML_SSE42 -DGGML_USE_CPU_REPACK -DGGML_USE_LLAMAFILE -D_GNU_SOURCE -D_XOPEN_SOURCE=600 -Dggml_cpu_EXPORTS -I/tmp/.tmpzW9idy/sdists-v9/pypi/llama-cpp-python/0.3.16/6QoL7-L45E3aUIO8EfE9V/src/vendor/llama.cpp/ggml/src/.. -I/tmp/.tmpzW9idy/sdists-v9/pypi/llama-cpp-python/0.3.16/6QoL7-L45E3aUIO8EfE9V/src/vendor/llama.cpp/ggml/src/. -I/tmp/.tmpzW9idy/sdists-v9/pypi/llama-cpp-python/0.3.16/6QoL7-L45E3aUIO8EfE9V/src/vendor/llama.cpp/ggml/src/ggml-cpu -I/tmp/.tmpzW9idy/sdists-v9/pypi/llama-cpp-python/0.3.16/6QoL7-L45E3aUIO8EfE9V/src/vendor/llama.cpp/ggml/src/../include -O3 -DNDEBUG -fPIC -Wmissing-declarations -Wmissing-noreturn -Wall -Wextra -Wpedantic -Wcast-qual -Wno-unused-function -Wno-array-bounds -Wextra-semi -msse4.2 -mbmi2 -std=gnu++17 -MD -MT vendor/llama.cpp/ggml/src/CMakeFiles/ggml-cpu.dir/ggml-cpu/amx/amx.cpp.o -MF vendor/llama.cpp/ggml/src/CMakeFiles/ggml-cpu.dir/ggml-cpu/amx/amx.cpp.o.d -o vendor/llama.cpp/ggml/src/CMakeFiles/ggml-cpu.dir/ggml-cpu/amx/amx.cpp.o -c /tmp/.tmpzW9idy/sdists-v9/pypi/llama-cpp-python/0.3.16/6QoL7-L45E3aUIO8EfE9V/src/vendor/llama.cpp/ggml/src/ggml-cpu/amx/amx.cpp
DEBUG [15/84] /usr/bin/c++  -pthread -DGGML_BACKEND_BUILD -DGGML_BACKEND_SHARED -DGGML_BMI2 -DGGML_SCHED_MAX_COPIES=4 -DGGML_SHARED -DGGML_SSE42 -DGGML_USE_CPU_REPACK -DGGML_USE_LLAMAFILE -D_GNU_SOURCE -D_XOPEN_SOURCE=600 -Dggml_cpu_EXPORTS -I/tmp/.tmpzW9idy/sdists-v9/pypi/llama-cpp-python/0.3.16/6QoL7-L45E3aUIO8EfE9V/src/vendor/llama.cpp/ggml/src/.. -I/tmp/.tmpzW9idy/sdists-v9/pypi/llama-cpp-python/0.3.16/6QoL7-L45E3aUIO8EfE9V/src/vendor/llama.cpp/ggml/src/. -I/tmp/.tmpzW9idy/sdists-v9/pypi/llama-cpp-python/0.3.16/6QoL7-L45E3aUIO8EfE9V/src/vendor/llama.cpp/ggml/src/ggml-cpu -I/tmp/.tmpzW9idy/sdists-v9/pypi/llama-cpp-python/0.3.16/6QoL7-L45E3aUIO8EfE9V/src/vendor/llama.cpp/ggml/src/../include -O3 -DNDEBUG -fPIC -Wmissing-declarations -Wmissing-noreturn -Wall -Wextra -Wpedantic -Wcast-qual -Wno-unused-function -Wno-array-bounds -Wextra-semi -msse4.2 -mbmi2 -std=gnu++17 -MD -MT vendor/llama.cpp/ggml/src/CMakeFiles/ggml-cpu.dir/ggml-cpu/vec.cpp.o -MF vendor/llama.cpp/ggml/src/CMakeFiles/ggml-cpu.dir/ggml-cpu/vec.cpp.o.d -o vendor/llama.cpp/ggml/src/CMakeFiles/ggml-cpu.dir/ggml-cpu/vec.cpp.o -c /tmp/.tmpzW9idy/sdists-v9/pypi/llama-cpp-python/0.3.16/6QoL7-L45E3aUIO8EfE9V/src/vendor/llama.cpp/ggml/src/ggml-cpu/vec.cpp
DEBUG [16/84] /usr/bin/cc  -pthread -DGGML_BACKEND_BUILD -DGGML_BACKEND_SHARED -DGGML_BMI2 -DGGML_SCHED_MAX_COPIES=4 -DGGML_SHARED -DGGML_SSE42 -DGGML_USE_CPU_REPACK -DGGML_USE_LLAMAFILE -D_GNU_SOURCE -D_XOPEN_SOURCE=600 -Dggml_cpu_EXPORTS -I/tmp/.tmpzW9idy/sdists-v9/pypi/llama-cpp-python/0.3.16/6QoL7-L45E3aUIO8EfE9V/src/vendor/llama.cpp/ggml/src/.. -I/tmp/.tmpzW9idy/sdists-v9/pypi/llama-cpp-python/0.3.16/6QoL7-L45E3aUIO8EfE9V/src/vendor/llama.cpp/ggml/src/. -I/tmp/.tmpzW9idy/sdists-v9/pypi/llama-cpp-python/0.3.16/6QoL7-L45E3aUIO8EfE9V/src/vendor/llama.cpp/ggml/src/ggml-cpu -I/tmp/.tmpzW9idy/sdists-v9/pypi/llama-cpp-python/0.3.16/6QoL7-L45E3aUIO8EfE9V/src/vendor/llama.cpp/ggml/src/../include -O3 -DNDEBUG -fPIC -Wshadow -Wstrict-prototypes -Wpointer-arith -Wmissing-prototypes -Werror=implicit-int -Werror=implicit-function-declaration -Wall -Wextra -Wpedantic -Wcast-qual -Wno-unused-function -Wdouble-promotion -msse4.2 -mbmi2 -std=gnu11 -MD -MT vendor/llama.cpp/ggml/src/CMakeFiles/ggml-cpu.dir/ggml-cpu/arch/x86/quants.c.o -MF vendor/llama.cpp/ggml/src/CMakeFiles/ggml-cpu.dir/ggml-cpu/arch/x86/quants.c.o.d -o vendor/llama.cpp/ggml/src/CMakeFiles/ggml-cpu.dir/ggml-cpu/arch/x86/quants.c.o -c /tmp/.tmpzW9idy/sdists-v9/pypi/llama-cpp-python/0.3.16/6QoL7-L45E3aUIO8EfE9V/src/vendor/llama.cpp/ggml/src/ggml-cpu/arch/x86/quants.c
DEBUG [17/84] /usr/bin/c++  -pthread -DGGML_BACKEND_BUILD -DGGML_BACKEND_SHARED -DGGML_BMI2 -DGGML_SCHED_MAX_COPIES=4 -DGGML_SHARED -DGGML_SSE42 -DGGML_USE_CPU_REPACK -DGGML_USE_LLAMAFILE -D_GNU_SOURCE -D_XOPEN_SOURCE=600 -Dggml_cpu_EXPORTS -I/tmp/.tmpzW9idy/sdists-v9/pypi/llama-cpp-python/0.3.16/6QoL7-L45E3aUIO8EfE9V/src/vendor/llama.cpp/ggml/src/.. -I/tmp/.tmpzW9idy/sdists-v9/pypi/llama-cpp-python/0.3.16/6QoL7-L45E3aUIO8EfE9V/src/vendor/llama.cpp/ggml/src/. -I/tmp/.tmpzW9idy/sdists-v9/pypi/llama-cpp-python/0.3.16/6QoL7-L45E3aUIO8EfE9V/src/vendor/llama.cpp/ggml/src/ggml-cpu -I/tmp/.tmpzW9idy/sdists-v9/pypi/llama-cpp-python/0.3.16/6QoL7-L45E3aUIO8EfE9V/src/vendor/llama.cpp/ggml/src/../include -O3 -DNDEBUG -fPIC -Wmissing-declarations -Wmissing-noreturn -Wall -Wextra -Wpedantic -Wcast-qual -Wno-unused-function -Wno-array-bounds -Wextra-semi -msse4.2 -mbmi2 -std=gnu++17 -MD -MT vendor/llama.cpp/ggml/src/CMakeFiles/ggml-cpu.dir/ggml-cpu/llamafile/sgemm.cpp.o -MF vendor/llama.cpp/ggml/src/CMakeFiles/ggml-cpu.dir/ggml-cpu/llamafile/sgemm.cpp.o.d -o vendor/llama.cpp/ggml/src/CMakeFiles/ggml-cpu.dir/ggml-cpu/llamafile/sgemm.cpp.o -c /tmp/.tmpzW9idy/sdists-v9/pypi/llama-cpp-python/0.3.16/6QoL7-L45E3aUIO8EfE9V/src/vendor/llama.cpp/ggml/src/ggml-cpu/llamafile/sgemm.cpp
DEBUG [18/84] /usr/bin/c++  -pthread -DGGML_BACKEND_BUILD -DGGML_BACKEND_SHARED -DGGML_BMI2 -DGGML_SCHED_MAX_COPIES=4 -DGGML_SHARED -DGGML_SSE42 -DGGML_USE_CPU_REPACK -DGGML_USE_LLAMAFILE -D_GNU_SOURCE -D_XOPEN_SOURCE=600 -Dggml_cpu_EXPORTS -I/tmp/.tmpzW9idy/sdists-v9/pypi/llama-cpp-python/0.3.16/6QoL7-L45E3aUIO8EfE9V/src/vendor/llama.cpp/ggml/src/.. -I/tmp/.tmpzW9idy/sdists-v9/pypi/llama-cpp-python/0.3.16/6QoL7-L45E3aUIO8EfE9V/src/vendor/llama.cpp/ggml/src/. -I/tmp/.tmpzW9idy/sdists-v9/pypi/llama-cpp-python/0.3.16/6QoL7-L45E3aUIO8EfE9V/src/vendor/llama.cpp/ggml/src/ggml-cpu -I/tmp/.tmpzW9idy/sdists-v9/pypi/llama-cpp-python/0.3.16/6QoL7-L45E3aUIO8EfE9V/src/vendor/llama.cpp/ggml/src/../include -O3 -DNDEBUG -fPIC -Wmissing-declarations -Wmissing-noreturn -Wall -Wextra -Wpedantic -Wcast-qual -Wno-unused-function -Wno-array-bounds -Wextra-semi -msse4.2 -mbmi2 -std=gnu++17 -MD -MT vendor/llama.cpp/ggml/src/CMakeFiles/ggml-cpu.dir/ggml-cpu/arch/x86/repack.cpp.o -MF vendor/llama.cpp/ggml/src/CMakeFiles/ggml-cpu.dir/ggml-cpu/arch/x86/repack.cpp.o.d -o vendor/llama.cpp/ggml/src/CMakeFiles/ggml-cpu.dir/ggml-cpu/arch/x86/repack.cpp.o -c /tmp/.tmpzW9idy/sdists-v9/pypi/llama-cpp-python/0.3.16/6QoL7-L45E3aUIO8EfE9V/src/vendor/llama.cpp/ggml/src/ggml-cpu/arch/x86/repack.cpp
DEBUG [19/84] /usr/bin/c++  -pthread -DGGML_BACKEND_BUILD -DGGML_BACKEND_SHARED -DGGML_BMI2 -DGGML_SCHED_MAX_COPIES=4 -DGGML_SHARED -DGGML_SSE42 -DGGML_USE_CPU_REPACK -DGGML_USE_LLAMAFILE -D_GNU_SOURCE -D_XOPEN_SOURCE=600 -Dggml_cpu_EXPORTS -I/tmp/.tmpzW9idy/sdists-v9/pypi/llama-cpp-python/0.3.16/6QoL7-L45E3aUIO8EfE9V/src/vendor/llama.cpp/ggml/src/.. -I/tmp/.tmpzW9idy/sdists-v9/pypi/llama-cpp-python/0.3.16/6QoL7-L45E3aUIO8EfE9V/src/vendor/llama.cpp/ggml/src/. -I/tmp/.tmpzW9idy/sdists-v9/pypi/llama-cpp-python/0.3.16/6QoL7-L45E3aUIO8EfE9V/src/vendor/llama.cpp/ggml/src/ggml-cpu -I/tmp/.tmpzW9idy/sdists-v9/pypi/llama-cpp-python/0.3.16/6QoL7-L45E3aUIO8EfE9V/src/vendor/llama.cpp/ggml/src/../include -O3 -DNDEBUG -fPIC -Wmissing-declarations -Wmissing-noreturn -Wall -Wextra -Wpedantic -Wcast-qual -Wno-unused-function -Wno-array-bounds -Wextra-semi -msse4.2 -mbmi2 -std=gnu++17 -MD -MT vendor/llama.cpp/ggml/src/CMakeFiles/ggml-cpu.dir/ggml-cpu/repack.cpp.o -MF vendor/llama.cpp/ggml/src/CMakeFiles/ggml-cpu.dir/ggml-cpu/repack.cpp.o.d -o vendor/llama.cpp/ggml/src/CMakeFiles/ggml-cpu.dir/ggml-cpu/repack.cpp.o -c /tmp/.tmpzW9idy/sdists-v9/pypi/llama-cpp-python/0.3.16/6QoL7-L45E3aUIO8EfE9V/src/vendor/llama.cpp/ggml/src/ggml-cpu/repack.cpp
DEBUG In function ‘block_q4_0x4 make_block_q4_0x4(block_q4_0*, unsigned int)’,
DEBUG     inlined from ‘int repack_q4_0_to_q4_0_4_bl(ggml_tensor*, int, const void*, size_t)’ at /tmp/.tmpzW9idy/sdists-v9/pypi/llama-cpp-python/0.3.16/6QoL7-L45E3aUIO8EfE9V/src/vendor/llama.cpp/ggml/src/ggml-cpu/repack.cpp:1223:39:
DEBUG /tmp/.tmpzW9idy/sdists-v9/pypi/llama-cpp-python/0.3.16/6QoL7-L45E3aUIO8EfE9V/src/vendor/llama.cpp/ggml/src/ggml-cpu/repack.cpp:1032:19: warning: writing 16 bytes into a region of size 0 [-Wstringop-overflow=]
DEBUG  1032 |             memcpy(&out.qs[dst_offset], &elems, sizeof(uint64_t));
DEBUG       |             ~~~~~~^~~~~~~~~~~~~~~~~~~~~~~~~~~~~~~~~~~~~~~~~~~~~~~
DEBUG /tmp/.tmpzW9idy/sdists-v9/pypi/llama-cpp-python/0.3.16/6QoL7-L45E3aUIO8EfE9V/src/vendor/llama.cpp/ggml/src/ggml-cpu/repack.cpp: In function ‘int repack_q4_0_to_q4_0_4_bl(ggml_tensor*, int, const void*, size_t)’:
DEBUG /tmp/.tmpzW9idy/sdists-v9/pypi/llama-cpp-python/0.3.16/6QoL7-L45E3aUIO8EfE9V/src/vendor/llama.cpp/ggml/src/ggml-cpu/repack.cpp:1223:20: note: at offset 72 into destination object ‘<anonymous>’ of size 72
DEBUG  1223 |             *dst++ = make_block_q4_0x4(dst_tmp, interleave_block);
DEBUG       |             ~~~~~~~^~~~~~~~~~~~~~~~~~~~~~~~~~~~~~~~~~~~~~~~~~~~~~
DEBUG In function ‘block_q4_0x4 make_block_q4_0x4(block_q4_0*, unsigned int)’,
DEBUG     inlined from ‘int repack_q4_0_to_q4_0_4_bl(ggml_tensor*, int, const void*, size_t)’ at /tmp/.tmpzW9idy/sdists-v9/pypi/llama-cpp-python/0.3.16/6QoL7-L45E3aUIO8EfE9V/src/vendor/llama.cpp/ggml/src/ggml-cpu/repack.cpp:1223:39:
DEBUG /tmp/.tmpzW9idy/sdists-v9/pypi/llama-cpp-python/0.3.16/6QoL7-L45E3aUIO8EfE9V/src/vendor/llama.cpp/ggml/src/ggml-cpu/repack.cpp:1032:19: warning: writing 16 bytes into a region of size 0 [-Wstringop-overflow=]
DEBUG  1032 |             memcpy(&out.qs[dst_offset], &elems, sizeof(uint64_t));
DEBUG       |             ~~~~~~^~~~~~~~~~~~~~~~~~~~~~~~~~~~~~~~~~~~~~~~~~~~~~~
DEBUG /tmp/.tmpzW9idy/sdists-v9/pypi/llama-cpp-python/0.3.16/6QoL7-L45E3aUIO8EfE9V/src/vendor/llama.cpp/ggml/src/ggml-cpu/repack.cpp: In function ‘int repack_q4_0_to_q4_0_4_bl(ggml_tensor*, int, const void*, size_t)’:
DEBUG /tmp/.tmpzW9idy/sdists-v9/pypi/llama-cpp-python/0.3.16/6QoL7-L45E3aUIO8EfE9V/src/vendor/llama.cpp/ggml/src/ggml-cpu/repack.cpp:1223:20: note: at offset 88 into destination object ‘<anonymous>’ of size 72
DEBUG  1223 |             *dst++ = make_block_q4_0x4(dst_tmp, interleave_block);
DEBUG       |             ~~~~~~~^~~~~~~~~~~~~~~~~~~~~~~~~~~~~~~~~~~~~~~~~~~~~~
DEBUG In function ‘block_q4_0x4 make_block_q4_0x4(block_q4_0*, unsigned int)’,
DEBUG     inlined from ‘int repack_q4_0_to_q4_0_4_bl(ggml_tensor*, int, const void*, size_t)’ at /tmp/.tmpzW9idy/sdists-v9/pypi/llama-cpp-python/0.3.16/6QoL7-L45E3aUIO8EfE9V/src/vendor/llama.cpp/ggml/src/ggml-cpu/repack.cpp:1223:39:
DEBUG /tmp/.tmpzW9idy/sdists-v9/pypi/llama-cpp-python/0.3.16/6QoL7-L45E3aUIO8EfE9V/src/vendor/llama.cpp/ggml/src/ggml-cpu/repack.cpp:1032:19: warning: writing 16 bytes into a region of size 0 [-Wstringop-overflow=]
DEBUG  1032 |             memcpy(&out.qs[dst_offset], &elems, sizeof(uint64_t));
DEBUG       |             ~~~~~~^~~~~~~~~~~~~~~~~~~~~~~~~~~~~~~~~~~~~~~~~~~~~~~
DEBUG /tmp/.tmpzW9idy/sdists-v9/pypi/llama-cpp-python/0.3.16/6QoL7-L45E3aUIO8EfE9V/src/vendor/llama.cpp/ggml/src/ggml-cpu/repack.cpp: In function ‘int repack_q4_0_to_q4_0_4_bl(ggml_tensor*, int, const void*, size_t)’:
DEBUG /tmp/.tmpzW9idy/sdists-v9/pypi/llama-cpp-python/0.3.16/6QoL7-L45E3aUIO8EfE9V/src/vendor/llama.cpp/ggml/src/ggml-cpu/repack.cpp:1223:20: note: at offset 104 into destination object ‘<anonymous>’ of size 72
DEBUG  1223 |             *dst++ = make_block_q4_0x4(dst_tmp, interleave_block);
DEBUG       |             ~~~~~~~^~~~~~~~~~~~~~~~~~~~~~~~~~~~~~~~~~~~~~~~~~~~~~
DEBUG In function ‘block_q4_0x4 make_block_q4_0x4(block_q4_0*, unsigned int)’,
DEBUG     inlined from ‘int repack_q4_0_to_q4_0_4_bl(ggml_tensor*, int, const void*, size_t)’ at /tmp/.tmpzW9idy/sdists-v9/pypi/llama-cpp-python/0.3.16/6QoL7-L45E3aUIO8EfE9V/src/vendor/llama.cpp/ggml/src/ggml-cpu/repack.cpp:1223:39:
DEBUG /tmp/.tmpzW9idy/sdists-v9/pypi/llama-cpp-python/0.3.16/6QoL7-L45E3aUIO8EfE9V/src/vendor/llama.cpp/ggml/src/ggml-cpu/repack.cpp:1032:19: warning: writing 16 bytes into a region of size 0 [-Wstringop-overflow=]
DEBUG  1032 |             memcpy(&out.qs[dst_offset], &elems, sizeof(uint64_t));
DEBUG       |             ~~~~~~^~~~~~~~~~~~~~~~~~~~~~~~~~~~~~~~~~~~~~~~~~~~~~~
DEBUG /tmp/.tmpzW9idy/sdists-v9/pypi/llama-cpp-python/0.3.16/6QoL7-L45E3aUIO8EfE9V/src/vendor/llama.cpp/ggml/src/ggml-cpu/repack.cpp: In function ‘int repack_q4_0_to_q4_0_4_bl(ggml_tensor*, int, const void*, size_t)’:
DEBUG /tmp/.tmpzW9idy/sdists-v9/pypi/llama-cpp-python/0.3.16/6QoL7-L45E3aUIO8EfE9V/src/vendor/llama.cpp/ggml/src/ggml-cpu/repack.cpp:1223:20: note: at offset 120 into destination object ‘<anonymous>’ of size 72
DEBUG  1223 |             *dst++ = make_block_q4_0x4(dst_tmp, interleave_block);
DEBUG       |             ~~~~~~~^~~~~~~~~~~~~~~~~~~~~~~~~~~~~~~~~~~~~~~~~~~~~~
DEBUG [20/84] /usr/bin/c++  -pthread -DGGML_BUILD -DGGML_COMMIT=\"4227c9b\" -DGGML_SCHED_MAX_COPIES=4 -DGGML_SHARED -DGGML_VERSION=\"0.0.1\" -D_GNU_SOURCE -D_XOPEN_SOURCE=600 -Dggml_base_EXPORTS -I/tmp/.tmpzW9idy/sdists-v9/pypi/llama-cpp-python/0.3.16/6QoL7-L45E3aUIO8EfE9V/src/vendor/llama.cpp/ggml/src/. -I/tmp/.tmpzW9idy/sdists-v9/pypi/llama-cpp-python/0.3.16/6QoL7-L45E3aUIO8EfE9V/src/vendor/llama.cpp/ggml/src/../include -O3 -DNDEBUG -fPIC -Wmissing-declarations -Wmissing-noreturn -Wall -Wextra -Wpedantic -Wcast-qual -Wno-unused-function -Wno-array-bounds -Wextra-semi -std=gnu++17 -MD -MT vendor/llama.cpp/ggml/src/CMakeFiles/ggml-base.dir/gguf.cpp.o -MF vendor/llama.cpp/ggml/src/CMakeFiles/ggml-base.dir/gguf.cpp.o.d -o vendor/llama.cpp/ggml/src/CMakeFiles/ggml-base.dir/gguf.cpp.o -c /tmp/.tmpzW9idy/sdists-v9/pypi/llama-cpp-python/0.3.16/6QoL7-L45E3aUIO8EfE9V/src/vendor/llama.cpp/ggml/src/gguf.cpp
DEBUG [21/84] /usr/bin/c++  -pthread -DGGML_BACKEND_BUILD -DGGML_BACKEND_SHARED -DGGML_BMI2 -DGGML_SCHED_MAX_COPIES=4 -DGGML_SHARED -DGGML_SSE42 -DGGML_USE_CPU_REPACK -DGGML_USE_LLAMAFILE -D_GNU_SOURCE -D_XOPEN_SOURCE=600 -Dggml_cpu_EXPORTS -I/tmp/.tmpzW9idy/sdists-v9/pypi/llama-cpp-python/0.3.16/6QoL7-L45E3aUIO8EfE9V/src/vendor/llama.cpp/ggml/src/.. -I/tmp/.tmpzW9idy/sdists-v9/pypi/llama-cpp-python/0.3.16/6QoL7-L45E3aUIO8EfE9V/src/vendor/llama.cpp/ggml/src/. -I/tmp/.tmpzW9idy/sdists-v9/pypi/llama-cpp-python/0.3.16/6QoL7-L45E3aUIO8EfE9V/src/vendor/llama.cpp/ggml/src/ggml-cpu -I/tmp/.tmpzW9idy/sdists-v9/pypi/llama-cpp-python/0.3.16/6QoL7-L45E3aUIO8EfE9V/src/vendor/llama.cpp/ggml/src/../include -O3 -DNDEBUG -fPIC -Wmissing-declarations -Wmissing-noreturn -Wall -Wextra -Wpedantic -Wcast-qual -Wno-unused-function -Wno-array-bounds -Wextra-semi -msse4.2 -mbmi2 -std=gnu++17 -MD -MT vendor/llama.cpp/ggml/src/CMakeFiles/ggml-cpu.dir/ggml-cpu/binary-ops.cpp.o -MF vendor/llama.cpp/ggml/src/CMakeFiles/ggml-cpu.dir/ggml-cpu/binary-ops.cpp.o.d -o vendor/llama.cpp/ggml/src/CMakeFiles/ggml-cpu.dir/ggml-cpu/binary-ops.cpp.o -c /tmp/.tmpzW9idy/sdists-v9/pypi/llama-cpp-python/0.3.16/6QoL7-L45E3aUIO8EfE9V/src/vendor/llama.cpp/ggml/src/ggml-cpu/binary-ops.cpp
DEBUG [22/84] /usr/bin/c++  -pthread -DGGML_BACKEND_SHARED -DGGML_SHARED -DGGML_USE_CPU -DLLAMA_BUILD -DLLAMA_SHARED -Dllama_EXPORTS -I/tmp/.tmpzW9idy/sdists-v9/pypi/llama-cpp-python/0.3.16/6QoL7-L45E3aUIO8EfE9V/src/vendor/llama.cpp/src/. -I/tmp/.tmpzW9idy/sdists-v9/pypi/llama-cpp-python/0.3.16/6QoL7-L45E3aUIO8EfE9V/src/vendor/llama.cpp/src/../include -I/tmp/.tmpzW9idy/sdists-v9/pypi/llama-cpp-python/0.3.16/6QoL7-L45E3aUIO8EfE9V/src/vendor/llama.cpp/ggml/src/../include -O3 -DNDEBUG -fPIC -Wmissing-declarations -Wmissing-noreturn -Wall -Wextra -Wpedantic -Wcast-qual -Wno-unused-function -Wno-array-bounds -Wextra-semi -MD -MT vendor/llama.cpp/src/CMakeFiles/llama.dir/llama.cpp.o -MF vendor/llama.cpp/src/CMakeFiles/llama.dir/llama.cpp.o.d -o vendor/llama.cpp/src/CMakeFiles/llama.dir/llama.cpp.o -c /tmp/.tmpzW9idy/sdists-v9/pypi/llama-cpp-python/0.3.16/6QoL7-L45E3aUIO8EfE9V/src/vendor/llama.cpp/src/llama.cpp
DEBUG [23/84] /usr/bin/c++  -pthread -DGGML_BACKEND_BUILD -DGGML_BACKEND_SHARED -DGGML_BMI2 -DGGML_SCHED_MAX_COPIES=4 -DGGML_SHARED -DGGML_SSE42 -DGGML_USE_CPU_REPACK -DGGML_USE_LLAMAFILE -D_GNU_SOURCE -D_XOPEN_SOURCE=600 -Dggml_cpu_EXPORTS -I/tmp/.tmpzW9idy/sdists-v9/pypi/llama-cpp-python/0.3.16/6QoL7-L45E3aUIO8EfE9V/src/vendor/llama.cpp/ggml/src/.. -I/tmp/.tmpzW9idy/sdists-v9/pypi/llama-cpp-python/0.3.16/6QoL7-L45E3aUIO8EfE9V/src/vendor/llama.cpp/ggml/src/. -I/tmp/.tmpzW9idy/sdists-v9/pypi/llama-cpp-python/0.3.16/6QoL7-L45E3aUIO8EfE9V/src/vendor/llama.cpp/ggml/src/ggml-cpu -I/tmp/.tmpzW9idy/sdists-v9/pypi/llama-cpp-python/0.3.16/6QoL7-L45E3aUIO8EfE9V/src/vendor/llama.cpp/ggml/src/../include -O3 -DNDEBUG -fPIC -Wmissing-declarations -Wmissing-noreturn -Wall -Wextra -Wpedantic -Wcast-qual -Wno-unused-function -Wno-array-bounds -Wextra-semi -msse4.2 -mbmi2 -std=gnu++17 -MD -MT vendor/llama.cpp/ggml/src/CMakeFiles/ggml-cpu.dir/ggml-cpu/unary-ops.cpp.o -MF vendor/llama.cpp/ggml/src/CMakeFiles/ggml-cpu.dir/ggml-cpu/unary-ops.cpp.o.d -o vendor/llama.cpp/ggml/src/CMakeFiles/ggml-cpu.dir/ggml-cpu/unary-ops.cpp.o -c /tmp/.tmpzW9idy/sdists-v9/pypi/llama-cpp-python/0.3.16/6QoL7-L45E3aUIO8EfE9V/src/vendor/llama.cpp/ggml/src/ggml-cpu/unary-ops.cpp
DEBUG [24/84] /usr/bin/c++  -pthread -DGGML_BACKEND_SHARED -DGGML_SHARED -DGGML_USE_CPU -DLLAMA_BUILD -DLLAMA_SHARED -Dllama_EXPORTS -I/tmp/.tmpzW9idy/sdists-v9/pypi/llama-cpp-python/0.3.16/6QoL7-L45E3aUIO8EfE9V/src/vendor/llama.cpp/src/. -I/tmp/.tmpzW9idy/sdists-v9/pypi/llama-cpp-python/0.3.16/6QoL7-L45E3aUIO8EfE9V/src/vendor/llama.cpp/src/../include -I/tmp/.tmpzW9idy/sdists-v9/pypi/llama-cpp-python/0.3.16/6QoL7-L45E3aUIO8EfE9V/src/vendor/llama.cpp/ggml/src/../include -O3 -DNDEBUG -fPIC -Wmissing-declarations -Wmissing-noreturn -Wall -Wextra -Wpedantic -Wcast-qual -Wno-unused-function -Wno-array-bounds -Wextra-semi -MD -MT vendor/llama.cpp/src/CMakeFiles/llama.dir/llama-cparams.cpp.o -MF vendor/llama.cpp/src/CMakeFiles/llama.dir/llama-cparams.cpp.o.d -o vendor/llama.cpp/src/CMakeFiles/llama.dir/llama-cparams.cpp.o -c /tmp/.tmpzW9idy/sdists-v9/pypi/llama-cpp-python/0.3.16/6QoL7-L45E3aUIO8EfE9V/src/vendor/llama.cpp/src/llama-cparams.cpp
DEBUG [25/84] /usr/bin/c++  -pthread -DGGML_BACKEND_SHARED -DGGML_SHARED -DGGML_USE_CPU -DLLAMA_BUILD -DLLAMA_SHARED -Dllama_EXPORTS -I/tmp/.tmpzW9idy/sdists-v9/pypi/llama-cpp-python/0.3.16/6QoL7-L45E3aUIO8EfE9V/src/vendor/llama.cpp/src/. -I/tmp/.tmpzW9idy/sdists-v9/pypi/llama-cpp-python/0.3.16/6QoL7-L45E3aUIO8EfE9V/src/vendor/llama.cpp/src/../include -I/tmp/.tmpzW9idy/sdists-v9/pypi/llama-cpp-python/0.3.16/6QoL7-L45E3aUIO8EfE9V/src/vendor/llama.cpp/ggml/src/../include -O3 -DNDEBUG -fPIC -Wmissing-declarations -Wmissing-noreturn -Wall -Wextra -Wpedantic -Wcast-qual -Wno-unused-function -Wno-array-bounds -Wextra-semi -MD -MT vendor/llama.cpp/src/CMakeFiles/llama.dir/llama-hparams.cpp.o -MF vendor/llama.cpp/src/CMakeFiles/llama.dir/llama-hparams.cpp.o.d -o vendor/llama.cpp/src/CMakeFiles/llama.dir/llama-hparams.cpp.o -c /tmp/.tmpzW9idy/sdists-v9/pypi/llama-cpp-python/0.3.16/6QoL7-L45E3aUIO8EfE9V/src/vendor/llama.cpp/src/llama-hparams.cpp
DEBUG [26/84] /usr/bin/c++  -pthread -DGGML_BACKEND_SHARED -DGGML_SHARED -DGGML_USE_CPU -DLLAMA_BUILD -DLLAMA_SHARED -Dllama_EXPORTS -I/tmp/.tmpzW9idy/sdists-v9/pypi/llama-cpp-python/0.3.16/6QoL7-L45E3aUIO8EfE9V/src/vendor/llama.cpp/src/. -I/tmp/.tmpzW9idy/sdists-v9/pypi/llama-cpp-python/0.3.16/6QoL7-L45E3aUIO8EfE9V/src/vendor/llama.cpp/src/../include -I/tmp/.tmpzW9idy/sdists-v9/pypi/llama-cpp-python/0.3.16/6QoL7-L45E3aUIO8EfE9V/src/vendor/llama.cpp/ggml/src/../include -O3 -DNDEBUG -fPIC -Wmissing-declarations -Wmissing-noreturn -Wall -Wextra -Wpedantic -Wcast-qual -Wno-unused-function -Wno-array-bounds -Wextra-semi -MD -MT vendor/llama.cpp/src/CMakeFiles/llama.dir/llama-adapter.cpp.o -MF vendor/llama.cpp/src/CMakeFiles/llama.dir/llama-adapter.cpp.o.d -o vendor/llama.cpp/src/CMakeFiles/llama.dir/llama-adapter.cpp.o -c /tmp/.tmpzW9idy/sdists-v9/pypi/llama-cpp-python/0.3.16/6QoL7-L45E3aUIO8EfE9V/src/vendor/llama.cpp/src/llama-adapter.cpp
DEBUG [27/84] /usr/bin/c++  -pthread -DGGML_BACKEND_SHARED -DGGML_SHARED -DGGML_USE_CPU -DLLAMA_BUILD -DLLAMA_SHARED -Dllama_EXPORTS -I/tmp/.tmpzW9idy/sdists-v9/pypi/llama-cpp-python/0.3.16/6QoL7-L45E3aUIO8EfE9V/src/vendor/llama.cpp/src/. -I/tmp/.tmpzW9idy/sdists-v9/pypi/llama-cpp-python/0.3.16/6QoL7-L45E3aUIO8EfE9V/src/vendor/llama.cpp/src/../include -I/tmp/.tmpzW9idy/sdists-v9/pypi/llama-cpp-python/0.3.16/6QoL7-L45E3aUIO8EfE9V/src/vendor/llama.cpp/ggml/src/../include -O3 -DNDEBUG -fPIC -Wmissing-declarations -Wmissing-noreturn -Wall -Wextra -Wpedantic -Wcast-qual -Wno-unused-function -Wno-array-bounds -Wextra-semi -MD -MT vendor/llama.cpp/src/CMakeFiles/llama.dir/llama-io.cpp.o -MF vendor/llama.cpp/src/CMakeFiles/llama.dir/llama-io.cpp.o.d -o vendor/llama.cpp/src/CMakeFiles/llama.dir/llama-io.cpp.o -c /tmp/.tmpzW9idy/sdists-v9/pypi/llama-cpp-python/0.3.16/6QoL7-L45E3aUIO8EfE9V/src/vendor/llama.cpp/src/llama-io.cpp
DEBUG [28/84] /usr/bin/c++  -pthread -DGGML_BACKEND_SHARED -DGGML_SHARED -DGGML_USE_CPU -DLLAMA_BUILD -DLLAMA_SHARED -Dllama_EXPORTS -I/tmp/.tmpzW9idy/sdists-v9/pypi/llama-cpp-python/0.3.16/6QoL7-L45E3aUIO8EfE9V/src/vendor/llama.cpp/src/. -I/tmp/.tmpzW9idy/sdists-v9/pypi/llama-cpp-python/0.3.16/6QoL7-L45E3aUIO8EfE9V/src/vendor/llama.cpp/src/../include -I/tmp/.tmpzW9idy/sdists-v9/pypi/llama-cpp-python/0.3.16/6QoL7-L45E3aUIO8EfE9V/src/vendor/llama.cpp/ggml/src/../include -O3 -DNDEBUG -fPIC -Wmissing-declarations -Wmissing-noreturn -Wall -Wextra -Wpedantic -Wcast-qual -Wno-unused-function -Wno-array-bounds -Wextra-semi -MD -MT vendor/llama.cpp/src/CMakeFiles/llama.dir/llama-impl.cpp.o -MF vendor/llama.cpp/src/CMakeFiles/llama.dir/llama-impl.cpp.o.d -o vendor/llama.cpp/src/CMakeFiles/llama.dir/llama-impl.cpp.o -c /tmp/.tmpzW9idy/sdists-v9/pypi/llama-cpp-python/0.3.16/6QoL7-L45E3aUIO8EfE9V/src/vendor/llama.cpp/src/llama-impl.cpp
DEBUG [29/84] /usr/bin/c++  -pthread -DGGML_BACKEND_SHARED -DGGML_SHARED -DGGML_USE_CPU -DLLAMA_BUILD -DLLAMA_SHARED -Dllama_EXPORTS -I/tmp/.tmpzW9idy/sdists-v9/pypi/llama-cpp-python/0.3.16/6QoL7-L45E3aUIO8EfE9V/src/vendor/llama.cpp/src/. -I/tmp/.tmpzW9idy/sdists-v9/pypi/llama-cpp-python/0.3.16/6QoL7-L45E3aUIO8EfE9V/src/vendor/llama.cpp/src/../include -I/tmp/.tmpzW9idy/sdists-v9/pypi/llama-cpp-python/0.3.16/6QoL7-L45E3aUIO8EfE9V/src/vendor/llama.cpp/ggml/src/../include -O3 -DNDEBUG -fPIC -Wmissing-declarations -Wmissing-noreturn -Wall -Wextra -Wpedantic -Wcast-qual -Wno-unused-function -Wno-array-bounds -Wextra-semi -MD -MT vendor/llama.cpp/src/CMakeFiles/llama.dir/llama-batch.cpp.o -MF vendor/llama.cpp/src/CMakeFiles/llama.dir/llama-batch.cpp.o.d -o vendor/llama.cpp/src/CMakeFiles/llama.dir/llama-batch.cpp.o -c /tmp/.tmpzW9idy/sdists-v9/pypi/llama-cpp-python/0.3.16/6QoL7-L45E3aUIO8EfE9V/src/vendor/llama.cpp/src/llama-batch.cpp
DEBUG [30/84] /usr/bin/c++  -pthread -DGGML_BACKEND_SHARED -DGGML_SHARED -DGGML_USE_CPU -DLLAMA_BUILD -DLLAMA_SHARED -Dllama_EXPORTS -I/tmp/.tmpzW9idy/sdists-v9/pypi/llama-cpp-python/0.3.16/6QoL7-L45E3aUIO8EfE9V/src/vendor/llama.cpp/src/. -I/tmp/.tmpzW9idy/sdists-v9/pypi/llama-cpp-python/0.3.16/6QoL7-L45E3aUIO8EfE9V/src/vendor/llama.cpp/src/../include -I/tmp/.tmpzW9idy/sdists-v9/pypi/llama-cpp-python/0.3.16/6QoL7-L45E3aUIO8EfE9V/src/vendor/llama.cpp/ggml/src/../include -O3 -DNDEBUG -fPIC -Wmissing-declarations -Wmissing-noreturn -Wall -Wextra -Wpedantic -Wcast-qual -Wno-unused-function -Wno-array-bounds -Wextra-semi -MD -MT vendor/llama.cpp/src/CMakeFiles/llama.dir/llama-memory.cpp.o -MF vendor/llama.cpp/src/CMakeFiles/llama.dir/llama-memory.cpp.o.d -o vendor/llama.cpp/src/CMakeFiles/llama.dir/llama-memory.cpp.o -c /tmp/.tmpzW9idy/sdists-v9/pypi/llama-cpp-python/0.3.16/6QoL7-L45E3aUIO8EfE9V/src/vendor/llama.cpp/src/llama-memory.cpp
DEBUG [31/84] /usr/bin/c++  -pthread -DGGML_BACKEND_SHARED -DGGML_SHARED -DGGML_USE_CPU -DLLAMA_BUILD -DLLAMA_SHARED -Dllama_EXPORTS -I/tmp/.tmpzW9idy/sdists-v9/pypi/llama-cpp-python/0.3.16/6QoL7-L45E3aUIO8EfE9V/src/vendor/llama.cpp/src/. -I/tmp/.tmpzW9idy/sdists-v9/pypi/llama-cpp-python/0.3.16/6QoL7-L45E3aUIO8EfE9V/src/vendor/llama.cpp/src/../include -I/tmp/.tmpzW9idy/sdists-v9/pypi/llama-cpp-python/0.3.16/6QoL7-L45E3aUIO8EfE9V/src/vendor/llama.cpp/ggml/src/../include -O3 -DNDEBUG -fPIC -Wmissing-declarations -Wmissing-noreturn -Wall -Wextra -Wpedantic -Wcast-qual -Wno-unused-function -Wno-array-bounds -Wextra-semi -MD -MT vendor/llama.cpp/src/CMakeFiles/llama.dir/llama-arch.cpp.o -MF vendor/llama.cpp/src/CMakeFiles/llama.dir/llama-arch.cpp.o.d -o vendor/llama.cpp/src/CMakeFiles/llama.dir/llama-arch.cpp.o -c /tmp/.tmpzW9idy/sdists-v9/pypi/llama-cpp-python/0.3.16/6QoL7-L45E3aUIO8EfE9V/src/vendor/llama.cpp/src/llama-arch.cpp
DEBUG [32/84] /usr/bin/c++  -pthread -DGGML_BACKEND_SHARED -DGGML_SHARED -DGGML_USE_CPU -DLLAMA_BUILD -DLLAMA_SHARED -Dllama_EXPORTS -I/tmp/.tmpzW9idy/sdists-v9/pypi/llama-cpp-python/0.3.16/6QoL7-L45E3aUIO8EfE9V/src/vendor/llama.cpp/src/. -I/tmp/.tmpzW9idy/sdists-v9/pypi/llama-cpp-python/0.3.16/6QoL7-L45E3aUIO8EfE9V/src/vendor/llama.cpp/src/../include -I/tmp/.tmpzW9idy/sdists-v9/pypi/llama-cpp-python/0.3.16/6QoL7-L45E3aUIO8EfE9V/src/vendor/llama.cpp/ggml/src/../include -O3 -DNDEBUG -fPIC -Wmissing-declarations -Wmissing-noreturn -Wall -Wextra -Wpedantic -Wcast-qual -Wno-unused-function -Wno-array-bounds -Wextra-semi -MD -MT vendor/llama.cpp/src/CMakeFiles/llama.dir/llama-chat.cpp.o -MF vendor/llama.cpp/src/CMakeFiles/llama.dir/llama-chat.cpp.o.d -o vendor/llama.cpp/src/CMakeFiles/llama.dir/llama-chat.cpp.o -c /tmp/.tmpzW9idy/sdists-v9/pypi/llama-cpp-python/0.3.16/6QoL7-L45E3aUIO8EfE9V/src/vendor/llama.cpp/src/llama-chat.cpp
DEBUG [33/84] /usr/bin/c++  -pthread -DGGML_BACKEND_SHARED -DGGML_SHARED -DGGML_USE_CPU -DLLAMA_BUILD -DLLAMA_SHARED -Dllama_EXPORTS -I/tmp/.tmpzW9idy/sdists-v9/pypi/llama-cpp-python/0.3.16/6QoL7-L45E3aUIO8EfE9V/src/vendor/llama.cpp/src/. -I/tmp/.tmpzW9idy/sdists-v9/pypi/llama-cpp-python/0.3.16/6QoL7-L45E3aUIO8EfE9V/src/vendor/llama.cpp/src/../include -I/tmp/.tmpzW9idy/sdists-v9/pypi/llama-cpp-python/0.3.16/6QoL7-L45E3aUIO8EfE9V/src/vendor/llama.cpp/ggml/src/../include -O3 -DNDEBUG -fPIC -Wmissing-declarations -Wmissing-noreturn -Wall -Wextra -Wpedantic -Wcast-qual -Wno-unused-function -Wno-array-bounds -Wextra-semi -MD -MT vendor/llama.cpp/src/CMakeFiles/llama.dir/llama-graph.cpp.o -MF vendor/llama.cpp/src/CMakeFiles/llama.dir/llama-graph.cpp.o.d -o vendor/llama.cpp/src/CMakeFiles/llama.dir/llama-graph.cpp.o -c /tmp/.tmpzW9idy/sdists-v9/pypi/llama-cpp-python/0.3.16/6QoL7-L45E3aUIO8EfE9V/src/vendor/llama.cpp/src/llama-graph.cpp
DEBUG [34/84] /usr/bin/c++  -pthread -DGGML_BACKEND_SHARED -DGGML_SHARED -DGGML_USE_CPU -DLLAMA_BUILD -DLLAMA_SHARED -Dllama_EXPORTS -I/tmp/.tmpzW9idy/sdists-v9/pypi/llama-cpp-python/0.3.16/6QoL7-L45E3aUIO8EfE9V/src/vendor/llama.cpp/src/. -I/tmp/.tmpzW9idy/sdists-v9/pypi/llama-cpp-python/0.3.16/6QoL7-L45E3aUIO8EfE9V/src/vendor/llama.cpp/src/../include -I/tmp/.tmpzW9idy/sdists-v9/pypi/llama-cpp-python/0.3.16/6QoL7-L45E3aUIO8EfE9V/src/vendor/llama.cpp/ggml/src/../include -O3 -DNDEBUG -fPIC -Wmissing-declarations -Wmissing-noreturn -Wall -Wextra -Wpedantic -Wcast-qual -Wno-unused-function -Wno-array-bounds -Wextra-semi -MD -MT vendor/llama.cpp/src/CMakeFiles/llama.dir/llama-kv-cache-unified-iswa.cpp.o -MF vendor/llama.cpp/src/CMakeFiles/llama.dir/llama-kv-cache-unified-iswa.cpp.o.d -o vendor/llama.cpp/src/CMakeFiles/llama.dir/llama-kv-cache-unified-iswa.cpp.o -c /tmp/.tmpzW9idy/sdists-v9/pypi/llama-cpp-python/0.3.16/6QoL7-L45E3aUIO8EfE9V/src/vendor/llama.cpp/src/llama-kv-cache-unified-iswa.cpp
DEBUG [35/84] /usr/bin/c++  -pthread -DGGML_BACKEND_SHARED -DGGML_SHARED -DGGML_USE_CPU -DLLAMA_BUILD -DLLAMA_SHARED -Dllama_EXPORTS -I/tmp/.tmpzW9idy/sdists-v9/pypi/llama-cpp-python/0.3.16/6QoL7-L45E3aUIO8EfE9V/src/vendor/llama.cpp/src/. -I/tmp/.tmpzW9idy/sdists-v9/pypi/llama-cpp-python/0.3.16/6QoL7-L45E3aUIO8EfE9V/src/vendor/llama.cpp/src/../include -I/tmp/.tmpzW9idy/sdists-v9/pypi/llama-cpp-python/0.3.16/6QoL7-L45E3aUIO8EfE9V/src/vendor/llama.cpp/ggml/src/../include -O3 -DNDEBUG -fPIC -Wmissing-declarations -Wmissing-noreturn -Wall -Wextra -Wpedantic -Wcast-qual -Wno-unused-function -Wno-array-bounds -Wextra-semi -MD -MT vendor/llama.cpp/src/CMakeFiles/llama.dir/llama-context.cpp.o -MF vendor/llama.cpp/src/CMakeFiles/llama.dir/llama-context.cpp.o.d -o vendor/llama.cpp/src/CMakeFiles/llama.dir/llama-context.cpp.o -c /tmp/.tmpzW9idy/sdists-v9/pypi/llama-cpp-python/0.3.16/6QoL7-L45E3aUIO8EfE9V/src/vendor/llama.cpp/src/llama-context.cpp
DEBUG [36/84] /usr/bin/cc  -pthread -DGGML_BUILD -DGGML_COMMIT=\"4227c9b\" -DGGML_SCHED_MAX_COPIES=4 -DGGML_SHARED -DGGML_VERSION=\"0.0.1\" -D_GNU_SOURCE -D_XOPEN_SOURCE=600 -Dggml_base_EXPORTS -I/tmp/.tmpzW9idy/sdists-v9/pypi/llama-cpp-python/0.3.16/6QoL7-L45E3aUIO8EfE9V/src/vendor/llama.cpp/ggml/src/. -I/tmp/.tmpzW9idy/sdists-v9/pypi/llama-cpp-python/0.3.16/6QoL7-L45E3aUIO8EfE9V/src/vendor/llama.cpp/ggml/src/../include -O3 -DNDEBUG -fPIC -Wshadow -Wstrict-prototypes -Wpointer-arith -Wmissing-prototypes -Werror=implicit-int -Werror=implicit-function-declaration -Wall -Wextra -Wpedantic -Wcast-qual -Wno-unused-function -Wdouble-promotion -std=gnu11 -MD -MT vendor/llama.cpp/ggml/src/CMakeFiles/ggml-base.dir/ggml-quants.c.o -MF vendor/llama.cpp/ggml/src/CMakeFiles/ggml-base.dir/ggml-quants.c.o.d -o vendor/llama.cpp/ggml/src/CMakeFiles/ggml-base.dir/ggml-quants.c.o -c /tmp/.tmpzW9idy/sdists-v9/pypi/llama-cpp-python/0.3.16/6QoL7-L45E3aUIO8EfE9V/src/vendor/llama.cpp/ggml/src/ggml-quants.c
DEBUG [37/84] : && /usr/bin/c++  -pthread -fPIC -O3 -DNDEBUG   -shared -Wl,-soname,libggml-base.so -o bin/libggml-base.so vendor/llama.cpp/ggml/src/CMakeFiles/ggml-base.dir/ggml.c.o vendor/llama.cpp/ggml/src/CMakeFiles/ggml-base.dir/ggml.cpp.o vendor/llama.cpp/ggml/src/CMakeFiles/ggml-base.dir/ggml-alloc.c.o vendor/llama.cpp/ggml/src/CMakeFiles/ggml-base.dir/ggml-backend.cpp.o vendor/llama.cpp/ggml/src/CMakeFiles/ggml-base.dir/ggml-opt.cpp.o vendor/llama.cpp/ggml/src/CMakeFiles/ggml-base.dir/ggml-threading.cpp.o vendor/llama.cpp/ggml/src/CMakeFiles/ggml-base.dir/ggml-quants.c.o vendor/llama.cpp/ggml/src/CMakeFiles/ggml-base.dir/gguf.cpp.o  -Wl,-rpath,"\$ORIGIN"  -lm && :
DEBUG [38/84] /usr/bin/c++  -pthread -DGGML_BACKEND_SHARED -DGGML_SHARED -DGGML_USE_CPU -DLLAMA_BUILD -DLLAMA_SHARED -Dllama_EXPORTS -I/tmp/.tmpzW9idy/sdists-v9/pypi/llama-cpp-python/0.3.16/6QoL7-L45E3aUIO8EfE9V/src/vendor/llama.cpp/src/. -I/tmp/.tmpzW9idy/sdists-v9/pypi/llama-cpp-python/0.3.16/6QoL7-L45E3aUIO8EfE9V/src/vendor/llama.cpp/src/../include -I/tmp/.tmpzW9idy/sdists-v9/pypi/llama-cpp-python/0.3.16/6QoL7-L45E3aUIO8EfE9V/src/vendor/llama.cpp/ggml/src/../include -O3 -DNDEBUG -fPIC -Wmissing-declarations -Wmissing-noreturn -Wall -Wextra -Wpedantic -Wcast-qual -Wno-unused-function -Wno-array-bounds -Wextra-semi -MD -MT vendor/llama.cpp/src/CMakeFiles/llama.dir/llama-mmap.cpp.o -MF vendor/llama.cpp/src/CMakeFiles/llama.dir/llama-mmap.cpp.o.d -o vendor/llama.cpp/src/CMakeFiles/llama.dir/llama-mmap.cpp.o -c /tmp/.tmpzW9idy/sdists-v9/pypi/llama-cpp-python/0.3.16/6QoL7-L45E3aUIO8EfE9V/src/vendor/llama.cpp/src/llama-mmap.cpp
DEBUG [39/84] /usr/bin/c++  -pthread -DGGML_BACKEND_SHARED -DGGML_SHARED -DGGML_USE_CPU -DLLAMA_BUILD -DLLAMA_SHARED -Dllama_EXPORTS -I/tmp/.tmpzW9idy/sdists-v9/pypi/llama-cpp-python/0.3.16/6QoL7-L45E3aUIO8EfE9V/src/vendor/llama.cpp/src/. -I/tmp/.tmpzW9idy/sdists-v9/pypi/llama-cpp-python/0.3.16/6QoL7-L45E3aUIO8EfE9V/src/vendor/llama.cpp/src/../include -I/tmp/.tmpzW9idy/sdists-v9/pypi/llama-cpp-python/0.3.16/6QoL7-L45E3aUIO8EfE9V/src/vendor/llama.cpp/ggml/src/../include -O3 -DNDEBUG -fPIC -Wmissing-declarations -Wmissing-noreturn -Wall -Wextra -Wpedantic -Wcast-qual -Wno-unused-function -Wno-array-bounds -Wextra-semi -MD -MT vendor/llama.cpp/src/CMakeFiles/llama.dir/llama-memory-hybrid.cpp.o -MF vendor/llama.cpp/src/CMakeFiles/llama.dir/llama-memory-hybrid.cpp.o.d -o vendor/llama.cpp/src/CMakeFiles/llama.dir/llama-memory-hybrid.cpp.o -c /tmp/.tmpzW9idy/sdists-v9/pypi/llama-cpp-python/0.3.16/6QoL7-L45E3aUIO8EfE9V/src/vendor/llama.cpp/src/llama-memory-hybrid.cpp
DEBUG [40/84] /usr/bin/c++  -pthread -DGGML_BACKEND_SHARED -DGGML_SHARED -DGGML_USE_CPU -DLLAMA_BUILD -DLLAMA_SHARED -Dllama_EXPORTS -I/tmp/.tmpzW9idy/sdists-v9/pypi/llama-cpp-python/0.3.16/6QoL7-L45E3aUIO8EfE9V/src/vendor/llama.cpp/src/. -I/tmp/.tmpzW9idy/sdists-v9/pypi/llama-cpp-python/0.3.16/6QoL7-L45E3aUIO8EfE9V/src/vendor/llama.cpp/src/../include -I/tmp/.tmpzW9idy/sdists-v9/pypi/llama-cpp-python/0.3.16/6QoL7-L45E3aUIO8EfE9V/src/vendor/llama.cpp/ggml/src/../include -O3 -DNDEBUG -fPIC -Wmissing-declarations -Wmissing-noreturn -Wall -Wextra -Wpedantic -Wcast-qual -Wno-unused-function -Wno-array-bounds -Wextra-semi -MD -MT vendor/llama.cpp/src/CMakeFiles/llama.dir/llama-model-saver.cpp.o -MF vendor/llama.cpp/src/CMakeFiles/llama.dir/llama-model-saver.cpp.o.d -o vendor/llama.cpp/src/CMakeFiles/llama.dir/llama-model-saver.cpp.o -c /tmp/.tmpzW9idy/sdists-v9/pypi/llama-cpp-python/0.3.16/6QoL7-L45E3aUIO8EfE9V/src/vendor/llama.cpp/src/llama-model-saver.cpp
DEBUG [41/84] /usr/bin/c++  -pthread -DGGML_BACKEND_SHARED -DGGML_SHARED -DGGML_USE_CPU -DLLAMA_BUILD -DLLAMA_SHARED -Dllama_EXPORTS -I/tmp/.tmpzW9idy/sdists-v9/pypi/llama-cpp-python/0.3.16/6QoL7-L45E3aUIO8EfE9V/src/vendor/llama.cpp/src/. -I/tmp/.tmpzW9idy/sdists-v9/pypi/llama-cpp-python/0.3.16/6QoL7-L45E3aUIO8EfE9V/src/vendor/llama.cpp/src/../include -I/tmp/.tmpzW9idy/sdists-v9/pypi/llama-cpp-python/0.3.16/6QoL7-L45E3aUIO8EfE9V/src/vendor/llama.cpp/ggml/src/../include -O3 -DNDEBUG -fPIC -Wmissing-declarations -Wmissing-noreturn -Wall -Wextra -Wpedantic -Wcast-qual -Wno-unused-function -Wno-array-bounds -Wextra-semi -MD -MT vendor/llama.cpp/src/CMakeFiles/llama.dir/llama-memory-recurrent.cpp.o -MF vendor/llama.cpp/src/CMakeFiles/llama.dir/llama-memory-recurrent.cpp.o.d -o vendor/llama.cpp/src/CMakeFiles/llama.dir/llama-memory-recurrent.cpp.o -c /tmp/.tmpzW9idy/sdists-v9/pypi/llama-cpp-python/0.3.16/6QoL7-L45E3aUIO8EfE9V/src/vendor/llama.cpp/src/llama-memory-recurrent.cpp
DEBUG [42/84] /usr/bin/c++  -pthread -DGGML_BACKEND_BUILD -DGGML_BACKEND_SHARED -DGGML_BMI2 -DGGML_SCHED_MAX_COPIES=4 -DGGML_SHARED -DGGML_SSE42 -DGGML_USE_CPU_REPACK -DGGML_USE_LLAMAFILE -D_GNU_SOURCE -D_XOPEN_SOURCE=600 -Dggml_cpu_EXPORTS -I/tmp/.tmpzW9idy/sdists-v9/pypi/llama-cpp-python/0.3.16/6QoL7-L45E3aUIO8EfE9V/src/vendor/llama.cpp/ggml/src/.. -I/tmp/.tmpzW9idy/sdists-v9/pypi/llama-cpp-python/0.3.16/6QoL7-L45E3aUIO8EfE9V/src/vendor/llama.cpp/ggml/src/. -I/tmp/.tmpzW9idy/sdists-v9/pypi/llama-cpp-python/0.3.16/6QoL7-L45E3aUIO8EfE9V/src/vendor/llama.cpp/ggml/src/ggml-cpu -I/tmp/.tmpzW9idy/sdists-v9/pypi/llama-cpp-python/0.3.16/6QoL7-L45E3aUIO8EfE9V/src/vendor/llama.cpp/ggml/src/../include -O3 -DNDEBUG -fPIC -Wmissing-declarations -Wmissing-noreturn -Wall -Wextra -Wpedantic -Wcast-qual -Wno-unused-function -Wno-array-bounds -Wextra-semi -msse4.2 -mbmi2 -std=gnu++17 -MD -MT vendor/llama.cpp/ggml/src/CMakeFiles/ggml-cpu.dir/ggml-cpu/ops.cpp.o -MF vendor/llama.cpp/ggml/src/CMakeFiles/ggml-cpu.dir/ggml-cpu/ops.cpp.o.d -o vendor/llama.cpp/ggml/src/CMakeFiles/ggml-cpu.dir/ggml-cpu/ops.cpp.o -c /tmp/.tmpzW9idy/sdists-v9/pypi/llama-cpp-python/0.3.16/6QoL7-L45E3aUIO8EfE9V/src/vendor/llama.cpp/ggml/src/ggml-cpu/ops.cpp
DEBUG [43/84] : && /usr/bin/c++  -pthread -fPIC -O3 -DNDEBUG   -shared -Wl,-soname,libggml-cpu.so -o bin/libggml-cpu.so vendor/llama.cpp/ggml/src/CMakeFiles/ggml-cpu.dir/ggml-cpu/ggml-cpu.c.o vendor/llama.cpp/ggml/src/CMakeFiles/ggml-cpu.dir/ggml-cpu/ggml-cpu.cpp.o vendor/llama.cpp/ggml/src/CMakeFiles/ggml-cpu.dir/ggml-cpu/repack.cpp.o vendor/llama.cpp/ggml/src/CMakeFiles/ggml-cpu.dir/ggml-cpu/hbm.cpp.o vendor/llama.cpp/ggml/src/CMakeFiles/ggml-cpu.dir/ggml-cpu/quants.c.o vendor/llama.cpp/ggml/src/CMakeFiles/ggml-cpu.dir/ggml-cpu/traits.cpp.o vendor/llama.cpp/ggml/src/CMakeFiles/ggml-cpu.dir/ggml-cpu/amx/amx.cpp.o vendor/llama.cpp/ggml/src/CMakeFiles/ggml-cpu.dir/ggml-cpu/amx/mmq.cpp.o vendor/llama.cpp/ggml/src/CMakeFiles/ggml-cpu.dir/ggml-cpu/binary-ops.cpp.o vendor/llama.cpp/ggml/src/CMakeFiles/ggml-cpu.dir/ggml-cpu/unary-ops.cpp.o vendor/llama.cpp/ggml/src/CMakeFiles/ggml-cpu.dir/ggml-cpu/vec.cpp.o vendor/llama.cpp/ggml/src/CMakeFiles/ggml-cpu.dir/ggml-cpu/ops.cpp.o vendor/llama.cpp/ggml/src/CMakeFiles/ggml-cpu.dir/ggml-cpu/llamafile/sgemm.cpp.o vendor/llama.cpp/ggml/src/CMakeFiles/ggml-cpu.dir/ggml-cpu/arch/x86/quants.c.o vendor/llama.cpp/ggml/src/CMakeFiles/ggml-cpu.dir/ggml-cpu/arch/x86/repack.cpp.o  -Wl,-rpath,"\$ORIGIN"  bin/libggml-base.so && :
DEBUG [44/84] : && /usr/bin/c++  -pthread -fPIC -O3 -DNDEBUG   -shared -Wl,-soname,libggml.so -o bin/libggml.so vendor/llama.cpp/ggml/src/CMakeFiles/ggml.dir/ggml-backend-reg.cpp.o  -Wl,-rpath,"\$ORIGIN"  -ldl  bin/libggml-cpu.so  bin/libggml-base.so && :
DEBUG [45/84] /usr/bin/c++  -pthread   -O3 -DNDEBUG -fPIC -Wmissing-declarations -Wmissing-noreturn -Wall -Wextra -Wpedantic -Wcast-qual -Wno-unused-function -Wno-array-bounds -Wextra-semi -MD -MT vendor/llama.cpp/common/CMakeFiles/build_info.dir/build-info.cpp.o -MF vendor/llama.cpp/common/CMakeFiles/build_info.dir/build-info.cpp.o.d -o vendor/llama.cpp/common/CMakeFiles/build_info.dir/build-info.cpp.o -c /tmp/tmp050chdw2/build/vendor/llama.cpp/common/build-info.cpp
DEBUG [46/84] /usr/bin/c++  -pthread -DGGML_BACKEND_SHARED -DGGML_SHARED -DGGML_USE_CPU -DLLAMA_BUILD -DLLAMA_SHARED -Dllama_EXPORTS -I/tmp/.tmpzW9idy/sdists-v9/pypi/llama-cpp-python/0.3.16/6QoL7-L45E3aUIO8EfE9V/src/vendor/llama.cpp/src/. -I/tmp/.tmpzW9idy/sdists-v9/pypi/llama-cpp-python/0.3.16/6QoL7-L45E3aUIO8EfE9V/src/vendor/llama.cpp/src/../include -I/tmp/.tmpzW9idy/sdists-v9/pypi/llama-cpp-python/0.3.16/6QoL7-L45E3aUIO8EfE9V/src/vendor/llama.cpp/ggml/src/../include -O3 -DNDEBUG -fPIC -Wmissing-declarations -Wmissing-noreturn -Wall -Wextra -Wpedantic -Wcast-qual -Wno-unused-function -Wno-array-bounds -Wextra-semi -MD -MT vendor/llama.cpp/src/CMakeFiles/llama.dir/unicode-data.cpp.o -MF vendor/llama.cpp/src/CMakeFiles/llama.dir/unicode-data.cpp.o.d -o vendor/llama.cpp/src/CMakeFiles/llama.dir/unicode-data.cpp.o -c /tmp/.tmpzW9idy/sdists-v9/pypi/llama-cpp-python/0.3.16/6QoL7-L45E3aUIO8EfE9V/src/vendor/llama.cpp/src/unicode-data.cpp
DEBUG [47/84] /usr/bin/c++  -pthread -DGGML_BACKEND_SHARED -DGGML_SHARED -DGGML_USE_CPU -DLLAMA_BUILD -DLLAMA_SHARED -Dllama_EXPORTS -I/tmp/.tmpzW9idy/sdists-v9/pypi/llama-cpp-python/0.3.16/6QoL7-L45E3aUIO8EfE9V/src/vendor/llama.cpp/src/. -I/tmp/.tmpzW9idy/sdists-v9/pypi/llama-cpp-python/0.3.16/6QoL7-L45E3aUIO8EfE9V/src/vendor/llama.cpp/src/../include -I/tmp/.tmpzW9idy/sdists-v9/pypi/llama-cpp-python/0.3.16/6QoL7-L45E3aUIO8EfE9V/src/vendor/llama.cpp/ggml/src/../include -O3 -DNDEBUG -fPIC -Wmissing-declarations -Wmissing-noreturn -Wall -Wextra -Wpedantic -Wcast-qual -Wno-unused-function -Wno-array-bounds -Wextra-semi -MD -MT vendor/llama.cpp/src/CMakeFiles/llama.dir/llama-kv-cache-unified.cpp.o -MF vendor/llama.cpp/src/CMakeFiles/llama.dir/llama-kv-cache-unified.cpp.o.d -o vendor/llama.cpp/src/CMakeFiles/llama.dir/llama-kv-cache-unified.cpp.o -c /tmp/.tmpzW9idy/sdists-v9/pypi/llama-cpp-python/0.3.16/6QoL7-L45E3aUIO8EfE9V/src/vendor/llama.cpp/src/llama-kv-cache-unified.cpp
DEBUG [48/84] /usr/bin/c++  -pthread -DGGML_BACKEND_SHARED -DGGML_SHARED -DGGML_USE_CPU -DLLAMA_BUILD -DLLAMA_SHARED -Dllama_EXPORTS -I/tmp/.tmpzW9idy/sdists-v9/pypi/llama-cpp-python/0.3.16/6QoL7-L45E3aUIO8EfE9V/src/vendor/llama.cpp/src/. -I/tmp/.tmpzW9idy/sdists-v9/pypi/llama-cpp-python/0.3.16/6QoL7-L45E3aUIO8EfE9V/src/vendor/llama.cpp/src/../include -I/tmp/.tmpzW9idy/sdists-v9/pypi/llama-cpp-python/0.3.16/6QoL7-L45E3aUIO8EfE9V/src/vendor/llama.cpp/ggml/src/../include -O3 -DNDEBUG -fPIC -Wmissing-declarations -Wmissing-noreturn -Wall -Wextra -Wpedantic -Wcast-qual -Wno-unused-function -Wno-array-bounds -Wextra-semi -MD -MT vendor/llama.cpp/src/CMakeFiles/llama.dir/llama-model-loader.cpp.o -MF vendor/llama.cpp/src/CMakeFiles/llama.dir/llama-model-loader.cpp.o.d -o vendor/llama.cpp/src/CMakeFiles/llama.dir/llama-model-loader.cpp.o -c /tmp/.tmpzW9idy/sdists-v9/pypi/llama-cpp-python/0.3.16/6QoL7-L45E3aUIO8EfE9V/src/vendor/llama.cpp/src/llama-model-loader.cpp
DEBUG [49/84] /usr/bin/c++  -pthread -DGGML_BACKEND_SHARED -DGGML_SHARED -DGGML_USE_CPU -DLLAMA_BUILD -DLLAMA_SHARED -Dllama_EXPORTS -I/tmp/.tmpzW9idy/sdists-v9/pypi/llama-cpp-python/0.3.16/6QoL7-L45E3aUIO8EfE9V/src/vendor/llama.cpp/src/. -I/tmp/.tmpzW9idy/sdists-v9/pypi/llama-cpp-python/0.3.16/6QoL7-L45E3aUIO8EfE9V/src/vendor/llama.cpp/src/../include -I/tmp/.tmpzW9idy/sdists-v9/pypi/llama-cpp-python/0.3.16/6QoL7-L45E3aUIO8EfE9V/src/vendor/llama.cpp/ggml/src/../include -O3 -DNDEBUG -fPIC -Wmissing-declarations -Wmissing-noreturn -Wall -Wextra -Wpedantic -Wcast-qual -Wno-unused-function -Wno-array-bounds -Wextra-semi -MD -MT vendor/llama.cpp/src/CMakeFiles/llama.dir/llama-grammar.cpp.o -MF vendor/llama.cpp/src/CMakeFiles/llama.dir/llama-grammar.cpp.o.d -o vendor/llama.cpp/src/CMakeFiles/llama.dir/llama-grammar.cpp.o -c /tmp/.tmpzW9idy/sdists-v9/pypi/llama-cpp-python/0.3.16/6QoL7-L45E3aUIO8EfE9V/src/vendor/llama.cpp/src/llama-grammar.cpp
DEBUG [50/84] /usr/bin/c++  -pthread -DGGML_BACKEND_SHARED -DGGML_SHARED -DGGML_USE_CPU -DLLAMA_SHARED -I/tmp/.tmpzW9idy/sdists-v9/pypi/llama-cpp-python/0.3.16/6QoL7-L45E3aUIO8EfE9V/src/vendor/llama.cpp/common/. -I/tmp/.tmpzW9idy/sdists-v9/pypi/llama-cpp-python/0.3.16/6QoL7-L45E3aUIO8EfE9V/src/vendor/llama.cpp/common/../vendor -I/tmp/.tmpzW9idy/sdists-v9/pypi/llama-cpp-python/0.3.16/6QoL7-L45E3aUIO8EfE9V/src/vendor/llama.cpp/src/../include -I/tmp/.tmpzW9idy/sdists-v9/pypi/llama-cpp-python/0.3.16/6QoL7-L45E3aUIO8EfE9V/src/vendor/llama.cpp/ggml/src/../include -O3 -DNDEBUG -fPIC -Wmissing-declarations -Wmissing-noreturn -Wall -Wextra -Wpedantic -Wcast-qual -Wno-unused-function -Wno-array-bounds -Wextra-semi -MD -MT vendor/llama.cpp/common/CMakeFiles/common.dir/console.cpp.o -MF vendor/llama.cpp/common/CMakeFiles/common.dir/console.cpp.o.d -o vendor/llama.cpp/common/CMakeFiles/common.dir/console.cpp.o -c /tmp/.tmpzW9idy/sdists-v9/pypi/llama-cpp-python/0.3.16/6QoL7-L45E3aUIO8EfE9V/src/vendor/llama.cpp/common/console.cpp
DEBUG [51/84] /usr/bin/c++  -pthread -DGGML_BACKEND_SHARED -DGGML_SHARED -DGGML_USE_CPU -DLLAMA_BUILD -DLLAMA_SHARED -Dllama_EXPORTS -I/tmp/.tmpzW9idy/sdists-v9/pypi/llama-cpp-python/0.3.16/6QoL7-L45E3aUIO8EfE9V/src/vendor/llama.cpp/src/. -I/tmp/.tmpzW9idy/sdists-v9/pypi/llama-cpp-python/0.3.16/6QoL7-L45E3aUIO8EfE9V/src/vendor/llama.cpp/src/../include -I/tmp/.tmpzW9idy/sdists-v9/pypi/llama-cpp-python/0.3.16/6QoL7-L45E3aUIO8EfE9V/src/vendor/llama.cpp/ggml/src/../include -O3 -DNDEBUG -fPIC -Wmissing-declarations -Wmissing-noreturn -Wall -Wextra -Wpedantic -Wcast-qual -Wno-unused-function -Wno-array-bounds -Wextra-semi -MD -MT vendor/llama.cpp/src/CMakeFiles/llama.dir/llama-vocab.cpp.o -MF vendor/llama.cpp/src/CMakeFiles/llama.dir/llama-vocab.cpp.o.d -o vendor/llama.cpp/src/CMakeFiles/llama.dir/llama-vocab.cpp.o -c /tmp/.tmpzW9idy/sdists-v9/pypi/llama-cpp-python/0.3.16/6QoL7-L45E3aUIO8EfE9V/src/vendor/llama.cpp/src/llama-vocab.cpp
DEBUG [52/84] /usr/bin/c++  -pthread -DGGML_BACKEND_SHARED -DGGML_SHARED -DGGML_USE_CPU -DLLAMA_BUILD -DLLAMA_SHARED -Dllama_EXPORTS -I/tmp/.tmpzW9idy/sdists-v9/pypi/llama-cpp-python/0.3.16/6QoL7-L45E3aUIO8EfE9V/src/vendor/llama.cpp/src/. -I/tmp/.tmpzW9idy/sdists-v9/pypi/llama-cpp-python/0.3.16/6QoL7-L45E3aUIO8EfE9V/src/vendor/llama.cpp/src/../include -I/tmp/.tmpzW9idy/sdists-v9/pypi/llama-cpp-python/0.3.16/6QoL7-L45E3aUIO8EfE9V/src/vendor/llama.cpp/ggml/src/../include -O3 -DNDEBUG -fPIC -Wmissing-declarations -Wmissing-noreturn -Wall -Wextra -Wpedantic -Wcast-qual -Wno-unused-function -Wno-array-bounds -Wextra-semi -MD -MT vendor/llama.cpp/src/CMakeFiles/llama.dir/llama-quant.cpp.o -MF vendor/llama.cpp/src/CMakeFiles/llama.dir/llama-quant.cpp.o.d -o vendor/llama.cpp/src/CMakeFiles/llama.dir/llama-quant.cpp.o -c /tmp/.tmpzW9idy/sdists-v9/pypi/llama-cpp-python/0.3.16/6QoL7-L45E3aUIO8EfE9V/src/vendor/llama.cpp/src/llama-quant.cpp
DEBUG [53/84] /usr/bin/c++  -pthread -DGGML_BACKEND_SHARED -DGGML_SHARED -DGGML_USE_CPU -DLLAMA_SHARED -I/tmp/.tmpzW9idy/sdists-v9/pypi/llama-cpp-python/0.3.16/6QoL7-L45E3aUIO8EfE9V/src/vendor/llama.cpp/common/. -I/tmp/.tmpzW9idy/sdists-v9/pypi/llama-cpp-python/0.3.16/6QoL7-L45E3aUIO8EfE9V/src/vendor/llama.cpp/common/../vendor -I/tmp/.tmpzW9idy/sdists-v9/pypi/llama-cpp-python/0.3.16/6QoL7-L45E3aUIO8EfE9V/src/vendor/llama.cpp/src/../include -I/tmp/.tmpzW9idy/sdists-v9/pypi/llama-cpp-python/0.3.16/6QoL7-L45E3aUIO8EfE9V/src/vendor/llama.cpp/ggml/src/../include -O3 -DNDEBUG -fPIC -Wmissing-declarations -Wmissing-noreturn -Wall -Wextra -Wpedantic -Wcast-qual -Wno-unused-function -Wno-array-bounds -Wextra-semi -MD -MT vendor/llama.cpp/common/CMakeFiles/common.dir/chat-parser.cpp.o -MF vendor/llama.cpp/common/CMakeFiles/common.dir/chat-parser.cpp.o.d -o vendor/llama.cpp/common/CMakeFiles/common.dir/chat-parser.cpp.o -c /tmp/.tmpzW9idy/sdists-v9/pypi/llama-cpp-python/0.3.16/6QoL7-L45E3aUIO8EfE9V/src/vendor/llama.cpp/common/chat-parser.cpp
DEBUG [54/84] /usr/bin/c++  -pthread -DGGML_BACKEND_SHARED -DGGML_SHARED -DGGML_USE_CPU -DLLAMA_BUILD -DLLAMA_SHARED -Dllama_EXPORTS -I/tmp/.tmpzW9idy/sdists-v9/pypi/llama-cpp-python/0.3.16/6QoL7-L45E3aUIO8EfE9V/src/vendor/llama.cpp/src/. -I/tmp/.tmpzW9idy/sdists-v9/pypi/llama-cpp-python/0.3.16/6QoL7-L45E3aUIO8EfE9V/src/vendor/llama.cpp/src/../include -I/tmp/.tmpzW9idy/sdists-v9/pypi/llama-cpp-python/0.3.16/6QoL7-L45E3aUIO8EfE9V/src/vendor/llama.cpp/ggml/src/../include -O3 -DNDEBUG -fPIC -Wmissing-declarations -Wmissing-noreturn -Wall -Wextra -Wpedantic -Wcast-qual -Wno-unused-function -Wno-array-bounds -Wextra-semi -MD -MT vendor/llama.cpp/src/CMakeFiles/llama.dir/llama-sampling.cpp.o -MF vendor/llama.cpp/src/CMakeFiles/llama.dir/llama-sampling.cpp.o.d -o vendor/llama.cpp/src/CMakeFiles/llama.dir/llama-sampling.cpp.o -c /tmp/.tmpzW9idy/sdists-v9/pypi/llama-cpp-python/0.3.16/6QoL7-L45E3aUIO8EfE9V/src/vendor/llama.cpp/src/llama-sampling.cpp
DEBUG [55/84] /usr/bin/c++  -pthread -DGGML_BACKEND_SHARED -DGGML_SHARED -DGGML_USE_CPU -DLLAMA_SHARED -I/tmp/.tmpzW9idy/sdists-v9/pypi/llama-cpp-python/0.3.16/6QoL7-L45E3aUIO8EfE9V/src/vendor/llama.cpp/common/. -I/tmp/.tmpzW9idy/sdists-v9/pypi/llama-cpp-python/0.3.16/6QoL7-L45E3aUIO8EfE9V/src/vendor/llama.cpp/common/../vendor -I/tmp/.tmpzW9idy/sdists-v9/pypi/llama-cpp-python/0.3.16/6QoL7-L45E3aUIO8EfE9V/src/vendor/llama.cpp/src/../include -I/tmp/.tmpzW9idy/sdists-v9/pypi/llama-cpp-python/0.3.16/6QoL7-L45E3aUIO8EfE9V/src/vendor/llama.cpp/ggml/src/../include -O3 -DNDEBUG -fPIC -Wmissing-declarations -Wmissing-noreturn -Wall -Wextra -Wpedantic -Wcast-qual -Wno-unused-function -Wno-array-bounds -Wextra-semi -MD -MT vendor/llama.cpp/common/CMakeFiles/common.dir/llguidance.cpp.o -MF vendor/llama.cpp/common/CMakeFiles/common.dir/llguidance.cpp.o.d -o vendor/llama.cpp/common/CMakeFiles/common.dir/llguidance.cpp.o -c /tmp/.tmpzW9idy/sdists-v9/pypi/llama-cpp-python/0.3.16/6QoL7-L45E3aUIO8EfE9V/src/vendor/llama.cpp/common/llguidance.cpp
DEBUG [56/84] /usr/bin/c++  -pthread -DGGML_BACKEND_SHARED -DGGML_SHARED -DGGML_USE_CPU -DLLAMA_SHARED -I/tmp/.tmpzW9idy/sdists-v9/pypi/llama-cpp-python/0.3.16/6QoL7-L45E3aUIO8EfE9V/src/vendor/llama.cpp/common/. -I/tmp/.tmpzW9idy/sdists-v9/pypi/llama-cpp-python/0.3.16/6QoL7-L45E3aUIO8EfE9V/src/vendor/llama.cpp/common/../vendor -I/tmp/.tmpzW9idy/sdists-v9/pypi/llama-cpp-python/0.3.16/6QoL7-L45E3aUIO8EfE9V/src/vendor/llama.cpp/src/../include -I/tmp/.tmpzW9idy/sdists-v9/pypi/llama-cpp-python/0.3.16/6QoL7-L45E3aUIO8EfE9V/src/vendor/llama.cpp/ggml/src/../include -O3 -DNDEBUG -fPIC -Wmissing-declarations -Wmissing-noreturn -Wall -Wextra -Wpedantic -Wcast-qual -Wno-unused-function -Wno-array-bounds -Wextra-semi -MD -MT vendor/llama.cpp/common/CMakeFiles/common.dir/log.cpp.o -MF vendor/llama.cpp/common/CMakeFiles/common.dir/log.cpp.o.d -o vendor/llama.cpp/common/CMakeFiles/common.dir/log.cpp.o -c /tmp/.tmpzW9idy/sdists-v9/pypi/llama-cpp-python/0.3.16/6QoL7-L45E3aUIO8EfE9V/src/vendor/llama.cpp/common/log.cpp
DEBUG [57/84] /usr/bin/c++  -pthread -DGGML_BACKEND_SHARED -DGGML_SHARED -DGGML_USE_CPU -DLLAMA_SHARED -I/tmp/.tmpzW9idy/sdists-v9/pypi/llama-cpp-python/0.3.16/6QoL7-L45E3aUIO8EfE9V/src/vendor/llama.cpp/common/. -I/tmp/.tmpzW9idy/sdists-v9/pypi/llama-cpp-python/0.3.16/6QoL7-L45E3aUIO8EfE9V/src/vendor/llama.cpp/common/../vendor -I/tmp/.tmpzW9idy/sdists-v9/pypi/llama-cpp-python/0.3.16/6QoL7-L45E3aUIO8EfE9V/src/vendor/llama.cpp/src/../include -I/tmp/.tmpzW9idy/sdists-v9/pypi/llama-cpp-python/0.3.16/6QoL7-L45E3aUIO8EfE9V/src/vendor/llama.cpp/ggml/src/../include -O3 -DNDEBUG -fPIC -Wmissing-declarations -Wmissing-noreturn -Wall -Wextra -Wpedantic -Wcast-qual -Wno-unused-function -Wno-array-bounds -Wextra-semi -MD -MT vendor/llama.cpp/common/CMakeFiles/common.dir/ngram-cache.cpp.o -MF vendor/llama.cpp/common/CMakeFiles/common.dir/ngram-cache.cpp.o.d -o vendor/llama.cpp/common/CMakeFiles/common.dir/ngram-cache.cpp.o -c /tmp/.tmpzW9idy/sdists-v9/pypi/llama-cpp-python/0.3.16/6QoL7-L45E3aUIO8EfE9V/src/vendor/llama.cpp/common/ngram-cache.cpp
DEBUG [58/84] /usr/bin/c++  -pthread -DGGML_BACKEND_SHARED -DGGML_SHARED -DGGML_USE_CPU -DLLAMA_SHARED -I/tmp/.tmpzW9idy/sdists-v9/pypi/llama-cpp-python/0.3.16/6QoL7-L45E3aUIO8EfE9V/src/vendor/llama.cpp/common/. -I/tmp/.tmpzW9idy/sdists-v9/pypi/llama-cpp-python/0.3.16/6QoL7-L45E3aUIO8EfE9V/src/vendor/llama.cpp/common/../vendor -I/tmp/.tmpzW9idy/sdists-v9/pypi/llama-cpp-python/0.3.16/6QoL7-L45E3aUIO8EfE9V/src/vendor/llama.cpp/src/../include -I/tmp/.tmpzW9idy/sdists-v9/pypi/llama-cpp-python/0.3.16/6QoL7-L45E3aUIO8EfE9V/src/vendor/llama.cpp/ggml/src/../include -O3 -DNDEBUG -fPIC -Wmissing-declarations -Wmissing-noreturn -Wall -Wextra -Wpedantic -Wcast-qual -Wno-unused-function -Wno-array-bounds -Wextra-semi -MD -MT vendor/llama.cpp/common/CMakeFiles/common.dir/sampling.cpp.o -MF vendor/llama.cpp/common/CMakeFiles/common.dir/sampling.cpp.o.d -o vendor/llama.cpp/common/CMakeFiles/common.dir/sampling.cpp.o -c /tmp/.tmpzW9idy/sdists-v9/pypi/llama-cpp-python/0.3.16/6QoL7-L45E3aUIO8EfE9V/src/vendor/llama.cpp/common/sampling.cpp
DEBUG [59/84] /usr/bin/c++  -pthread -DGGML_BACKEND_SHARED -DGGML_SHARED -DGGML_USE_CPU -DLLAMA_BUILD -DLLAMA_SHARED -Dllama_EXPORTS -I/tmp/.tmpzW9idy/sdists-v9/pypi/llama-cpp-python/0.3.16/6QoL7-L45E3aUIO8EfE9V/src/vendor/llama.cpp/src/. -I/tmp/.tmpzW9idy/sdists-v9/pypi/llama-cpp-python/0.3.16/6QoL7-L45E3aUIO8EfE9V/src/vendor/llama.cpp/src/../include -I/tmp/.tmpzW9idy/sdists-v9/pypi/llama-cpp-python/0.3.16/6QoL7-L45E3aUIO8EfE9V/src/vendor/llama.cpp/ggml/src/../include -O3 -DNDEBUG -fPIC -Wmissing-declarations -Wmissing-noreturn -Wall -Wextra -Wpedantic -Wcast-qual -Wno-unused-function -Wno-array-bounds -Wextra-semi -MD -MT vendor/llama.cpp/src/CMakeFiles/llama.dir/unicode.cpp.o -MF vendor/llama.cpp/src/CMakeFiles/llama.dir/unicode.cpp.o.d -o vendor/llama.cpp/src/CMakeFiles/llama.dir/unicode.cpp.o -c /tmp/.tmpzW9idy/sdists-v9/pypi/llama-cpp-python/0.3.16/6QoL7-L45E3aUIO8EfE9V/src/vendor/llama.cpp/src/unicode.cpp
DEBUG [60/84] /usr/bin/c++  -pthread -DGGML_BACKEND_SHARED -DGGML_SHARED -DGGML_USE_CPU -DLLAMA_SHARED -I/tmp/.tmpzW9idy/sdists-v9/pypi/llama-cpp-python/0.3.16/6QoL7-L45E3aUIO8EfE9V/src/vendor/llama.cpp/common/. -I/tmp/.tmpzW9idy/sdists-v9/pypi/llama-cpp-python/0.3.16/6QoL7-L45E3aUIO8EfE9V/src/vendor/llama.cpp/common/../vendor -I/tmp/.tmpzW9idy/sdists-v9/pypi/llama-cpp-python/0.3.16/6QoL7-L45E3aUIO8EfE9V/src/vendor/llama.cpp/src/../include -I/tmp/.tmpzW9idy/sdists-v9/pypi/llama-cpp-python/0.3.16/6QoL7-L45E3aUIO8EfE9V/src/vendor/llama.cpp/ggml/src/../include -O3 -DNDEBUG -fPIC -Wmissing-declarations -Wmissing-noreturn -Wall -Wextra -Wpedantic -Wcast-qual -Wno-unused-function -Wno-array-bounds -Wextra-semi -MD -MT vendor/llama.cpp/common/CMakeFiles/common.dir/common.cpp.o -MF vendor/llama.cpp/common/CMakeFiles/common.dir/common.cpp.o.d -o vendor/llama.cpp/common/CMakeFiles/common.dir/common.cpp.o -c /tmp/.tmpzW9idy/sdists-v9/pypi/llama-cpp-python/0.3.16/6QoL7-L45E3aUIO8EfE9V/src/vendor/llama.cpp/common/common.cpp
DEBUG [61/84] /usr/bin/c++  -pthread -DGGML_BACKEND_SHARED -DGGML_SHARED -DGGML_USE_CPU -DLLAMA_SHARED -I/tmp/.tmpzW9idy/sdists-v9/pypi/llama-cpp-python/0.3.16/6QoL7-L45E3aUIO8EfE9V/src/vendor/llama.cpp/common/. -I/tmp/.tmpzW9idy/sdists-v9/pypi/llama-cpp-python/0.3.16/6QoL7-L45E3aUIO8EfE9V/src/vendor/llama.cpp/common/../vendor -I/tmp/.tmpzW9idy/sdists-v9/pypi/llama-cpp-python/0.3.16/6QoL7-L45E3aUIO8EfE9V/src/vendor/llama.cpp/src/../include -I/tmp/.tmpzW9idy/sdists-v9/pypi/llama-cpp-python/0.3.16/6QoL7-L45E3aUIO8EfE9V/src/vendor/llama.cpp/ggml/src/../include -O3 -DNDEBUG -fPIC -Wmissing-declarations -Wmissing-noreturn -Wall -Wextra -Wpedantic -Wcast-qual -Wno-unused-function -Wno-array-bounds -Wextra-semi -MD -MT vendor/llama.cpp/common/CMakeFiles/common.dir/speculative.cpp.o -MF vendor/llama.cpp/common/CMakeFiles/common.dir/speculative.cpp.o.d -o vendor/llama.cpp/common/CMakeFiles/common.dir/speculative.cpp.o -c /tmp/.tmpzW9idy/sdists-v9/pypi/llama-cpp-python/0.3.16/6QoL7-L45E3aUIO8EfE9V/src/vendor/llama.cpp/common/speculative.cpp
DEBUG [62/84] /usr/bin/c++  -pthread -DGGML_BACKEND_SHARED -DGGML_SHARED -DGGML_USE_CPU -DLLAMA_SHARED -I/tmp/.tmpzW9idy/sdists-v9/pypi/llama-cpp-python/0.3.16/6QoL7-L45E3aUIO8EfE9V/src/vendor/llama.cpp/common/. -I/tmp/.tmpzW9idy/sdists-v9/pypi/llama-cpp-python/0.3.16/6QoL7-L45E3aUIO8EfE9V/src/vendor/llama.cpp/common/../vendor -I/tmp/.tmpzW9idy/sdists-v9/pypi/llama-cpp-python/0.3.16/6QoL7-L45E3aUIO8EfE9V/src/vendor/llama.cpp/src/../include -I/tmp/.tmpzW9idy/sdists-v9/pypi/llama-cpp-python/0.3.16/6QoL7-L45E3aUIO8EfE9V/src/vendor/llama.cpp/ggml/src/../include -O3 -DNDEBUG -fPIC -Wmissing-declarations -Wmissing-noreturn -Wall -Wextra -Wpedantic -Wcast-qual -Wno-unused-function -Wno-array-bounds -Wextra-semi -MD -MT vendor/llama.cpp/common/CMakeFiles/common.dir/json-partial.cpp.o -MF vendor/llama.cpp/common/CMakeFiles/common.dir/json-partial.cpp.o.d -o vendor/llama.cpp/common/CMakeFiles/common.dir/json-partial.cpp.o -c /tmp/.tmpzW9idy/sdists-v9/pypi/llama-cpp-python/0.3.16/6QoL7-L45E3aUIO8EfE9V/src/vendor/llama.cpp/common/json-partial.cpp
DEBUG [63/84] /usr/bin/c++  -pthread   -O3 -DNDEBUG -MD -MT vendor/llama.cpp/tools/mtmd/CMakeFiles/llama-llava-cli.dir/deprecation-warning.cpp.o -MF vendor/llama.cpp/tools/mtmd/CMakeFiles/llama-llava-cli.dir/deprecation-warning.cpp.o.d -o vendor/llama.cpp/tools/mtmd/CMakeFiles/llama-llava-cli.dir/deprecation-warning.cpp.o -c /tmp/.tmpzW9idy/sdists-v9/pypi/llama-cpp-python/0.3.16/6QoL7-L45E3aUIO8EfE9V/src/vendor/llama.cpp/tools/mtmd/deprecation-warning.cpp
DEBUG [64/84] : && /usr/bin/c++  -pthread -O3 -DNDEBUG  vendor/llama.cpp/tools/mtmd/CMakeFiles/llama-llava-cli.dir/deprecation-warning.cpp.o -o vendor/llama.cpp/tools/mtmd/llama-llava-cli   && :
DEBUG [65/84] /usr/bin/c++  -pthread -DGGML_BACKEND_SHARED -DGGML_SHARED -DGGML_USE_CPU -DLLAMA_BUILD -DLLAMA_SHARED -Dmtmd_EXPORTS -I/tmp/.tmpzW9idy/sdists-v9/pypi/llama-cpp-python/0.3.16/6QoL7-L45E3aUIO8EfE9V/src/vendor/llama.cpp/tools/mtmd/. -I/tmp/.tmpzW9idy/sdists-v9/pypi/llama-cpp-python/0.3.16/6QoL7-L45E3aUIO8EfE9V/src/vendor/llama.cpp/tools/mtmd/../.. -I/tmp/.tmpzW9idy/sdists-v9/pypi/llama-cpp-python/0.3.16/6QoL7-L45E3aUIO8EfE9V/src/vendor/llama.cpp/tools/mtmd/../../vendor -I/tmp/.tmpzW9idy/sdists-v9/pypi/llama-cpp-python/0.3.16/6QoL7-L45E3aUIO8EfE9V/src/vendor/llama.cpp/include -I/tmp/.tmpzW9idy/sdists-v9/pypi/llama-cpp-python/0.3.16/6QoL7-L45E3aUIO8EfE9V/src/vendor/llama.cpp/ggml/include -I/tmp/.tmpzW9idy/sdists-v9/pypi/llama-cpp-python/0.3.16/6QoL7-L45E3aUIO8EfE9V/src/vendor/llama.cpp/ggml/src/../include -I/tmp/.tmpzW9idy/sdists-v9/pypi/llama-cpp-python/0.3.16/6QoL7-L45E3aUIO8EfE9V/src/vendor/llama.cpp/src/../include -O3 -DNDEBUG -fPIC -Wno-cast-qual -MD -MT vendor/llama.cpp/tools/mtmd/CMakeFiles/mtmd.dir/mtmd-audio.cpp.o -MF vendor/llama.cpp/tools/mtmd/CMakeFiles/mtmd.dir/mtmd-audio.cpp.o.d -o vendor/llama.cpp/tools/mtmd/CMakeFiles/mtmd.dir/mtmd-audio.cpp.o -c /tmp/.tmpzW9idy/sdists-v9/pypi/llama-cpp-python/0.3.16/6QoL7-L45E3aUIO8EfE9V/src/vendor/llama.cpp/tools/mtmd/mtmd-audio.cpp
DEBUG [66/84] /usr/bin/c++  -pthread   -O3 -DNDEBUG -MD -MT vendor/llama.cpp/tools/mtmd/CMakeFiles/llama-gemma3-cli.dir/deprecation-warning.cpp.o -MF vendor/llama.cpp/tools/mtmd/CMakeFiles/llama-gemma3-cli.dir/deprecation-warning.cpp.o.d -o vendor/llama.cpp/tools/mtmd/CMakeFiles/llama-gemma3-cli.dir/deprecation-warning.cpp.o -c /tmp/.tmpzW9idy/sdists-v9/pypi/llama-cpp-python/0.3.16/6QoL7-L45E3aUIO8EfE9V/src/vendor/llama.cpp/tools/mtmd/deprecation-warning.cpp
DEBUG [67/84] : && /usr/bin/c++  -pthread -O3 -DNDEBUG  vendor/llama.cpp/tools/mtmd/CMakeFiles/llama-gemma3-cli.dir/deprecation-warning.cpp.o -o vendor/llama.cpp/tools/mtmd/llama-gemma3-cli   && :
DEBUG [68/84] /usr/bin/c++  -pthread   -O3 -DNDEBUG -MD -MT vendor/llama.cpp/tools/mtmd/CMakeFiles/llama-minicpmv-cli.dir/deprecation-warning.cpp.o -MF vendor/llama.cpp/tools/mtmd/CMakeFiles/llama-minicpmv-cli.dir/deprecation-warning.cpp.o.d -o vendor/llama.cpp/tools/mtmd/CMakeFiles/llama-minicpmv-cli.dir/deprecation-warning.cpp.o -c /tmp/.tmpzW9idy/sdists-v9/pypi/llama-cpp-python/0.3.16/6QoL7-L45E3aUIO8EfE9V/src/vendor/llama.cpp/tools/mtmd/deprecation-warning.cpp
DEBUG [69/84] : && /usr/bin/c++  -pthread -O3 -DNDEBUG  vendor/llama.cpp/tools/mtmd/CMakeFiles/llama-minicpmv-cli.dir/deprecation-warning.cpp.o -o vendor/llama.cpp/tools/mtmd/llama-minicpmv-cli   && :
DEBUG [70/84] /usr/bin/c++  -pthread   -O3 -DNDEBUG -MD -MT vendor/llama.cpp/tools/mtmd/CMakeFiles/llama-qwen2vl-cli.dir/deprecation-warning.cpp.o -MF vendor/llama.cpp/tools/mtmd/CMakeFiles/llama-qwen2vl-cli.dir/deprecation-warning.cpp.o.d -o vendor/llama.cpp/tools/mtmd/CMakeFiles/llama-qwen2vl-cli.dir/deprecation-warning.cpp.o -c /tmp/.tmpzW9idy/sdists-v9/pypi/llama-cpp-python/0.3.16/6QoL7-L45E3aUIO8EfE9V/src/vendor/llama.cpp/tools/mtmd/deprecation-warning.cpp
DEBUG [71/84] : && /usr/bin/c++  -pthread -O3 -DNDEBUG  vendor/llama.cpp/tools/mtmd/CMakeFiles/llama-qwen2vl-cli.dir/deprecation-warning.cpp.o -o vendor/llama.cpp/tools/mtmd/llama-qwen2vl-cli   && :
DEBUG [72/84] /usr/bin/c++  -pthread -DGGML_BACKEND_SHARED -DGGML_SHARED -DGGML_USE_CPU -DLLAMA_BUILD -DLLAMA_SHARED -Dmtmd_EXPORTS -I/tmp/.tmpzW9idy/sdists-v9/pypi/llama-cpp-python/0.3.16/6QoL7-L45E3aUIO8EfE9V/src/vendor/llama.cpp/tools/mtmd/. -I/tmp/.tmpzW9idy/sdists-v9/pypi/llama-cpp-python/0.3.16/6QoL7-L45E3aUIO8EfE9V/src/vendor/llama.cpp/tools/mtmd/../.. -I/tmp/.tmpzW9idy/sdists-v9/pypi/llama-cpp-python/0.3.16/6QoL7-L45E3aUIO8EfE9V/src/vendor/llama.cpp/tools/mtmd/../../vendor -I/tmp/.tmpzW9idy/sdists-v9/pypi/llama-cpp-python/0.3.16/6QoL7-L45E3aUIO8EfE9V/src/vendor/llama.cpp/include -I/tmp/.tmpzW9idy/sdists-v9/pypi/llama-cpp-python/0.3.16/6QoL7-L45E3aUIO8EfE9V/src/vendor/llama.cpp/ggml/include -I/tmp/.tmpzW9idy/sdists-v9/pypi/llama-cpp-python/0.3.16/6QoL7-L45E3aUIO8EfE9V/src/vendor/llama.cpp/ggml/src/../include -I/tmp/.tmpzW9idy/sdists-v9/pypi/llama-cpp-python/0.3.16/6QoL7-L45E3aUIO8EfE9V/src/vendor/llama.cpp/src/../include -O3 -DNDEBUG -fPIC -Wno-cast-qual -MD -MT vendor/llama.cpp/tools/mtmd/CMakeFiles/mtmd.dir/mtmd.cpp.o -MF vendor/llama.cpp/tools/mtmd/CMakeFiles/mtmd.dir/mtmd.cpp.o.d -o vendor/llama.cpp/tools/mtmd/CMakeFiles/mtmd.dir/mtmd.cpp.o -c /tmp/.tmpzW9idy/sdists-v9/pypi/llama-cpp-python/0.3.16/6QoL7-L45E3aUIO8EfE9V/src/vendor/llama.cpp/tools/mtmd/mtmd.cpp
DEBUG [73/84] /usr/bin/c++  -pthread -DGGML_BACKEND_SHARED -DGGML_SHARED -DGGML_USE_CPU -DLLAMA_SHARED -I/tmp/.tmpzW9idy/sdists-v9/pypi/llama-cpp-python/0.3.16/6QoL7-L45E3aUIO8EfE9V/src/vendor/llama.cpp/common/. -I/tmp/.tmpzW9idy/sdists-v9/pypi/llama-cpp-python/0.3.16/6QoL7-L45E3aUIO8EfE9V/src/vendor/llama.cpp/common/../vendor -I/tmp/.tmpzW9idy/sdists-v9/pypi/llama-cpp-python/0.3.16/6QoL7-L45E3aUIO8EfE9V/src/vendor/llama.cpp/src/../include -I/tmp/.tmpzW9idy/sdists-v9/pypi/llama-cpp-python/0.3.16/6QoL7-L45E3aUIO8EfE9V/src/vendor/llama.cpp/ggml/src/../include -O3 -DNDEBUG -fPIC -Wmissing-declarations -Wmissing-noreturn -Wall -Wextra -Wpedantic -Wcast-qual -Wno-unused-function -Wno-array-bounds -Wextra-semi -MD -MT vendor/llama.cpp/common/CMakeFiles/common.dir/regex-partial.cpp.o -MF vendor/llama.cpp/common/CMakeFiles/common.dir/regex-partial.cpp.o.d -o vendor/llama.cpp/common/CMakeFiles/common.dir/regex-partial.cpp.o -c /tmp/.tmpzW9idy/sdists-v9/pypi/llama-cpp-python/0.3.16/6QoL7-L45E3aUIO8EfE9V/src/vendor/llama.cpp/common/regex-partial.cpp
DEBUG [74/84] /usr/bin/c++  -pthread -DGGML_BACKEND_SHARED -DGGML_SHARED -DGGML_USE_CPU -DLLAMA_SHARED -I/tmp/.tmpzW9idy/sdists-v9/pypi/llama-cpp-python/0.3.16/6QoL7-L45E3aUIO8EfE9V/src/vendor/llama.cpp/common/. -I/tmp/.tmpzW9idy/sdists-v9/pypi/llama-cpp-python/0.3.16/6QoL7-L45E3aUIO8EfE9V/src/vendor/llama.cpp/common/../vendor -I/tmp/.tmpzW9idy/sdists-v9/pypi/llama-cpp-python/0.3.16/6QoL7-L45E3aUIO8EfE9V/src/vendor/llama.cpp/src/../include -I/tmp/.tmpzW9idy/sdists-v9/pypi/llama-cpp-python/0.3.16/6QoL7-L45E3aUIO8EfE9V/src/vendor/llama.cpp/ggml/src/../include -I/tmp/.tmpzW9idy/sdists-v9/pypi/llama-cpp-python/0.3.16/6QoL7-L45E3aUIO8EfE9V/src/vendor/llama.cpp/tools/mtmd/. -I/tmp/.tmpzW9idy/sdists-v9/pypi/llama-cpp-python/0.3.16/6QoL7-L45E3aUIO8EfE9V/src/vendor/llama.cpp/include -I/tmp/.tmpzW9idy/sdists-v9/pypi/llama-cpp-python/0.3.16/6QoL7-L45E3aUIO8EfE9V/src/vendor/llama.cpp/ggml/include -O3 -DNDEBUG -MD -MT vendor/llama.cpp/tools/mtmd/CMakeFiles/llama-mtmd-cli.dir/mtmd-cli.cpp.o -MF vendor/llama.cpp/tools/mtmd/CMakeFiles/llama-mtmd-cli.dir/mtmd-cli.cpp.o.d -o vendor/llama.cpp/tools/mtmd/CMakeFiles/llama-mtmd-cli.dir/mtmd-cli.cpp.o -c /tmp/.tmpzW9idy/sdists-v9/pypi/llama-cpp-python/0.3.16/6QoL7-L45E3aUIO8EfE9V/src/vendor/llama.cpp/tools/mtmd/mtmd-cli.cpp
DEBUG [75/84] /usr/bin/c++  -pthread -DGGML_BACKEND_SHARED -DGGML_SHARED -DGGML_USE_CPU -DLLAMA_BUILD -DLLAMA_SHARED -Dmtmd_EXPORTS -I/tmp/.tmpzW9idy/sdists-v9/pypi/llama-cpp-python/0.3.16/6QoL7-L45E3aUIO8EfE9V/src/vendor/llama.cpp/tools/mtmd/. -I/tmp/.tmpzW9idy/sdists-v9/pypi/llama-cpp-python/0.3.16/6QoL7-L45E3aUIO8EfE9V/src/vendor/llama.cpp/tools/mtmd/../.. -I/tmp/.tmpzW9idy/sdists-v9/pypi/llama-cpp-python/0.3.16/6QoL7-L45E3aUIO8EfE9V/src/vendor/llama.cpp/tools/mtmd/../../vendor -I/tmp/.tmpzW9idy/sdists-v9/pypi/llama-cpp-python/0.3.16/6QoL7-L45E3aUIO8EfE9V/src/vendor/llama.cpp/include -I/tmp/.tmpzW9idy/sdists-v9/pypi/llama-cpp-python/0.3.16/6QoL7-L45E3aUIO8EfE9V/src/vendor/llama.cpp/ggml/include -I/tmp/.tmpzW9idy/sdists-v9/pypi/llama-cpp-python/0.3.16/6QoL7-L45E3aUIO8EfE9V/src/vendor/llama.cpp/ggml/src/../include -I/tmp/.tmpzW9idy/sdists-v9/pypi/llama-cpp-python/0.3.16/6QoL7-L45E3aUIO8EfE9V/src/vendor/llama.cpp/src/../include -O3 -DNDEBUG -fPIC -Wno-cast-qual -MD -MT vendor/llama.cpp/tools/mtmd/CMakeFiles/mtmd.dir/clip.cpp.o -MF vendor/llama.cpp/tools/mtmd/CMakeFiles/mtmd.dir/clip.cpp.o.d -o vendor/llama.cpp/tools/mtmd/CMakeFiles/mtmd.dir/clip.cpp.o -c /tmp/.tmpzW9idy/sdists-v9/pypi/llama-cpp-python/0.3.16/6QoL7-L45E3aUIO8EfE9V/src/vendor/llama.cpp/tools/mtmd/clip.cpp
DEBUG [76/84] /usr/bin/c++  -pthread -DGGML_BACKEND_SHARED -DGGML_SHARED -DGGML_USE_CPU -DLLAMA_SHARED -I/tmp/.tmpzW9idy/sdists-v9/pypi/llama-cpp-python/0.3.16/6QoL7-L45E3aUIO8EfE9V/src/vendor/llama.cpp/common/. -I/tmp/.tmpzW9idy/sdists-v9/pypi/llama-cpp-python/0.3.16/6QoL7-L45E3aUIO8EfE9V/src/vendor/llama.cpp/common/../vendor -I/tmp/.tmpzW9idy/sdists-v9/pypi/llama-cpp-python/0.3.16/6QoL7-L45E3aUIO8EfE9V/src/vendor/llama.cpp/src/../include -I/tmp/.tmpzW9idy/sdists-v9/pypi/llama-cpp-python/0.3.16/6QoL7-L45E3aUIO8EfE9V/src/vendor/llama.cpp/ggml/src/../include -O3 -DNDEBUG -fPIC -Wmissing-declarations -Wmissing-noreturn -Wall -Wextra -Wpedantic -Wcast-qual -Wno-unused-function -Wno-array-bounds -Wextra-semi -MD -MT vendor/llama.cpp/common/CMakeFiles/common.dir/arg.cpp.o -MF vendor/llama.cpp/common/CMakeFiles/common.dir/arg.cpp.o.d -o vendor/llama.cpp/common/CMakeFiles/common.dir/arg.cpp.o -c /tmp/.tmpzW9idy/sdists-v9/pypi/llama-cpp-python/0.3.16/6QoL7-L45E3aUIO8EfE9V/src/vendor/llama.cpp/common/arg.cpp
DEBUG [77/84] /usr/bin/c++  -pthread -DGGML_BACKEND_SHARED -DGGML_SHARED -DGGML_USE_CPU -DLLAMA_SHARED -I/tmp/.tmpzW9idy/sdists-v9/pypi/llama-cpp-python/0.3.16/6QoL7-L45E3aUIO8EfE9V/src/vendor/llama.cpp/common/. -I/tmp/.tmpzW9idy/sdists-v9/pypi/llama-cpp-python/0.3.16/6QoL7-L45E3aUIO8EfE9V/src/vendor/llama.cpp/common/../vendor -I/tmp/.tmpzW9idy/sdists-v9/pypi/llama-cpp-python/0.3.16/6QoL7-L45E3aUIO8EfE9V/src/vendor/llama.cpp/src/../include -I/tmp/.tmpzW9idy/sdists-v9/pypi/llama-cpp-python/0.3.16/6QoL7-L45E3aUIO8EfE9V/src/vendor/llama.cpp/ggml/src/../include -O3 -DNDEBUG -fPIC -Wmissing-declarations -Wmissing-noreturn -Wall -Wextra -Wpedantic -Wcast-qual -Wno-unused-function -Wno-array-bounds -Wextra-semi -MD -MT vendor/llama.cpp/common/CMakeFiles/common.dir/json-schema-to-grammar.cpp.o -MF vendor/llama.cpp/common/CMakeFiles/common.dir/json-schema-to-grammar.cpp.o.d -o vendor/llama.cpp/common/CMakeFiles/common.dir/json-schema-to-grammar.cpp.o -c /tmp/.tmpzW9idy/sdists-v9/pypi/llama-cpp-python/0.3.16/6QoL7-L45E3aUIO8EfE9V/src/vendor/llama.cpp/common/json-schema-to-grammar.cpp
DEBUG [78/84] /usr/bin/c++  -pthread -DGGML_BACKEND_SHARED -DGGML_SHARED -DGGML_USE_CPU -DLLAMA_BUILD -DLLAMA_SHARED -Dllama_EXPORTS -I/tmp/.tmpzW9idy/sdists-v9/pypi/llama-cpp-python/0.3.16/6QoL7-L45E3aUIO8EfE9V/src/vendor/llama.cpp/src/. -I/tmp/.tmpzW9idy/sdists-v9/pypi/llama-cpp-python/0.3.16/6QoL7-L45E3aUIO8EfE9V/src/vendor/llama.cpp/src/../include -I/tmp/.tmpzW9idy/sdists-v9/pypi/llama-cpp-python/0.3.16/6QoL7-L45E3aUIO8EfE9V/src/vendor/llama.cpp/ggml/src/../include -O3 -DNDEBUG -fPIC -Wmissing-declarations -Wmissing-noreturn -Wall -Wextra -Wpedantic -Wcast-qual -Wno-unused-function -Wno-array-bounds -Wextra-semi -MD -MT vendor/llama.cpp/src/CMakeFiles/llama.dir/llama-model.cpp.o -MF vendor/llama.cpp/src/CMakeFiles/llama.dir/llama-model.cpp.o.d -o vendor/llama.cpp/src/CMakeFiles/llama.dir/llama-model.cpp.o -c /tmp/.tmpzW9idy/sdists-v9/pypi/llama-cpp-python/0.3.16/6QoL7-L45E3aUIO8EfE9V/src/vendor/llama.cpp/src/llama-model.cpp
DEBUG [79/84] : && /usr/bin/c++  -pthread -fPIC -O3 -DNDEBUG   -shared -Wl,-soname,libllama.so -o bin/libllama.so vendor/llama.cpp/src/CMakeFiles/llama.dir/llama.cpp.o vendor/llama.cpp/src/CMakeFiles/llama.dir/llama-adapter.cpp.o vendor/llama.cpp/src/CMakeFiles/llama.dir/llama-arch.cpp.o vendor/llama.cpp/src/CMakeFiles/llama.dir/llama-batch.cpp.o vendor/llama.cpp/src/CMakeFiles/llama.dir/llama-chat.cpp.o vendor/llama.cpp/src/CMakeFiles/llama.dir/llama-context.cpp.o vendor/llama.cpp/src/CMakeFiles/llama.dir/llama-cparams.cpp.o vendor/llama.cpp/src/CMakeFiles/llama.dir/llama-grammar.cpp.o vendor/llama.cpp/src/CMakeFiles/llama.dir/llama-graph.cpp.o vendor/llama.cpp/src/CMakeFiles/llama.dir/llama-hparams.cpp.o vendor/llama.cpp/src/CMakeFiles/llama.dir/llama-impl.cpp.o vendor/llama.cpp/src/CMakeFiles/llama.dir/llama-io.cpp.o vendor/llama.cpp/src/CMakeFiles/llama.dir/llama-kv-cache-unified.cpp.o vendor/llama.cpp/src/CMakeFiles/llama.dir/llama-kv-cache-unified-iswa.cpp.o vendor/llama.cpp/src/CMakeFiles/llama.dir/llama-memory.cpp.o vendor/llama.cpp/src/CMakeFiles/llama.dir/llama-memory-hybrid.cpp.o vendor/llama.cpp/src/CMakeFiles/llama.dir/llama-memory-recurrent.cpp.o vendor/llama.cpp/src/CMakeFiles/llama.dir/llama-mmap.cpp.o vendor/llama.cpp/src/CMakeFiles/llama.dir/llama-model-loader.cpp.o vendor/llama.cpp/src/CMakeFiles/llama.dir/llama-model-saver.cpp.o vendor/llama.cpp/src/CMakeFiles/llama.dir/llama-model.cpp.o vendor/llama.cpp/src/CMakeFiles/llama.dir/llama-quant.cpp.o vendor/llama.cpp/src/CMakeFiles/llama.dir/llama-sampling.cpp.o vendor/llama.cpp/src/CMakeFiles/llama.dir/llama-vocab.cpp.o vendor/llama.cpp/src/CMakeFiles/llama.dir/unicode-data.cpp.o vendor/llama.cpp/src/CMakeFiles/llama.dir/unicode.cpp.o  -Wl,-rpath,"\$ORIGIN"  bin/libggml.so  bin/libggml-cpu.so  bin/libggml-base.so && :
DEBUG [80/84] /usr/bin/c++  -pthread -DGGML_BACKEND_SHARED -DGGML_SHARED -DGGML_USE_CPU -DLLAMA_BUILD -DLLAMA_SHARED -Dmtmd_EXPORTS -I/tmp/.tmpzW9idy/sdists-v9/pypi/llama-cpp-python/0.3.16/6QoL7-L45E3aUIO8EfE9V/src/vendor/llama.cpp/tools/mtmd/. -I/tmp/.tmpzW9idy/sdists-v9/pypi/llama-cpp-python/0.3.16/6QoL7-L45E3aUIO8EfE9V/src/vendor/llama.cpp/tools/mtmd/../.. -I/tmp/.tmpzW9idy/sdists-v9/pypi/llama-cpp-python/0.3.16/6QoL7-L45E3aUIO8EfE9V/src/vendor/llama.cpp/tools/mtmd/../../vendor -I/tmp/.tmpzW9idy/sdists-v9/pypi/llama-cpp-python/0.3.16/6QoL7-L45E3aUIO8EfE9V/src/vendor/llama.cpp/include -I/tmp/.tmpzW9idy/sdists-v9/pypi/llama-cpp-python/0.3.16/6QoL7-L45E3aUIO8EfE9V/src/vendor/llama.cpp/ggml/include -I/tmp/.tmpzW9idy/sdists-v9/pypi/llama-cpp-python/0.3.16/6QoL7-L45E3aUIO8EfE9V/src/vendor/llama.cpp/ggml/src/../include -I/tmp/.tmpzW9idy/sdists-v9/pypi/llama-cpp-python/0.3.16/6QoL7-L45E3aUIO8EfE9V/src/vendor/llama.cpp/src/../include -O3 -DNDEBUG -fPIC -Wno-cast-qual -MD -MT vendor/llama.cpp/tools/mtmd/CMakeFiles/mtmd.dir/mtmd-helper.cpp.o -MF vendor/llama.cpp/tools/mtmd/CMakeFiles/mtmd.dir/mtmd-helper.cpp.o.d -o vendor/llama.cpp/tools/mtmd/CMakeFiles/mtmd.dir/mtmd-helper.cpp.o -c /tmp/.tmpzW9idy/sdists-v9/pypi/llama-cpp-python/0.3.16/6QoL7-L45E3aUIO8EfE9V/src/vendor/llama.cpp/tools/mtmd/mtmd-helper.cpp
DEBUG [81/84] : && /usr/bin/c++  -pthread -fPIC -O3 -DNDEBUG   -shared -Wl,-soname,libmtmd.so -o vendor/llama.cpp/tools/mtmd/libmtmd.so vendor/llama.cpp/tools/mtmd/CMakeFiles/mtmd.dir/mtmd.cpp.o vendor/llama.cpp/tools/mtmd/CMakeFiles/mtmd.dir/mtmd-audio.cpp.o vendor/llama.cpp/tools/mtmd/CMakeFiles/mtmd.dir/clip.cpp.o vendor/llama.cpp/tools/mtmd/CMakeFiles/mtmd.dir/mtmd-helper.cpp.o  -Wl,-rpath,"\$ORIGIN"  bin/libllama.so  bin/libggml.so  bin/libggml-cpu.so  bin/libggml-base.so && :
DEBUG [82/84] /usr/bin/c++  -pthread -DGGML_BACKEND_SHARED -DGGML_SHARED -DGGML_USE_CPU -DLLAMA_SHARED -I/tmp/.tmpzW9idy/sdists-v9/pypi/llama-cpp-python/0.3.16/6QoL7-L45E3aUIO8EfE9V/src/vendor/llama.cpp/common/. -I/tmp/.tmpzW9idy/sdists-v9/pypi/llama-cpp-python/0.3.16/6QoL7-L45E3aUIO8EfE9V/src/vendor/llama.cpp/common/../vendor -I/tmp/.tmpzW9idy/sdists-v9/pypi/llama-cpp-python/0.3.16/6QoL7-L45E3aUIO8EfE9V/src/vendor/llama.cpp/src/../include -I/tmp/.tmpzW9idy/sdists-v9/pypi/llama-cpp-python/0.3.16/6QoL7-L45E3aUIO8EfE9V/src/vendor/llama.cpp/ggml/src/../include -O3 -DNDEBUG -fPIC -Wmissing-declarations -Wmissing-noreturn -Wall -Wextra -Wpedantic -Wcast-qual -Wno-unused-function -Wno-array-bounds -Wextra-semi -MD -MT vendor/llama.cpp/common/CMakeFiles/common.dir/chat.cpp.o -MF vendor/llama.cpp/common/CMakeFiles/common.dir/chat.cpp.o.d -o vendor/llama.cpp/common/CMakeFiles/common.dir/chat.cpp.o -c /tmp/.tmpzW9idy/sdists-v9/pypi/llama-cpp-python/0.3.16/6QoL7-L45E3aUIO8EfE9V/src/vendor/llama.cpp/common/chat.cpp
DEBUG [83/84] : && /usr/bin/cmake -E rm -f vendor/llama.cpp/common/libcommon.a && /usr/bin/ar qc vendor/llama.cpp/common/libcommon.a  vendor/llama.cpp/common/CMakeFiles/build_info.dir/build-info.cpp.o vendor/llama.cpp/common/CMakeFiles/common.dir/arg.cpp.o vendor/llama.cpp/common/CMakeFiles/common.dir/chat-parser.cpp.o vendor/llama.cpp/common/CMakeFiles/common.dir/chat.cpp.o vendor/llama.cpp/common/CMakeFiles/common.dir/common.cpp.o vendor/llama.cpp/common/CMakeFiles/common.dir/console.cpp.o vendor/llama.cpp/common/CMakeFiles/common.dir/json-partial.cpp.o vendor/llama.cpp/common/CMakeFiles/common.dir/json-schema-to-grammar.cpp.o vendor/llama.cpp/common/CMakeFiles/common.dir/llguidance.cpp.o vendor/llama.cpp/common/CMakeFiles/common.dir/log.cpp.o vendor/llama.cpp/common/CMakeFiles/common.dir/ngram-cache.cpp.o vendor/llama.cpp/common/CMakeFiles/common.dir/regex-partial.cpp.o vendor/llama.cpp/common/CMakeFiles/common.dir/sampling.cpp.o vendor/llama.cpp/common/CMakeFiles/common.dir/speculative.cpp.o && /usr/bin/ranlib vendor/llama.cpp/common/libcommon.a && :
DEBUG [84/84] : && /usr/bin/c++  -pthread -O3 -DNDEBUG  vendor/llama.cpp/tools/mtmd/CMakeFiles/llama-mtmd-cli.dir/mtmd-cli.cpp.o -o vendor/llama.cpp/tools/mtmd/llama-mtmd-cli  -Wl,-rpath,/tmp/tmp050chdw2/build/vendor/llama.cpp/tools/mtmd:/tmp/tmp050chdw2/build/bin:  vendor/llama.cpp/common/libcommon.a  vendor/llama.cpp/tools/mtmd/libmtmd.so  bin/libllama.so  bin/libggml.so  bin/libggml-cpu.so  bin/libggml-base.so && :
DEBUG *** Installing project into wheel...
DEBUG -- Install configuration: "Release"
DEBUG -- Installing: /tmp/tmp050chdw2/wheel/platlib/lib/libggml-cpu.so
DEBUG -- Installing: /tmp/tmp050chdw2/wheel/platlib/lib/libggml.so
DEBUG -- Installing: /tmp/tmp050chdw2/wheel/platlib/include/ggml.h
DEBUG -- Installing: /tmp/tmp050chdw2/wheel/platlib/include/ggml-cpu.h
DEBUG -- Installing: /tmp/tmp050chdw2/wheel/platlib/include/ggml-alloc.h
DEBUG -- Installing: /tmp/tmp050chdw2/wheel/platlib/include/ggml-backend.h
DEBUG -- Installing: /tmp/tmp050chdw2/wheel/platlib/include/ggml-blas.h
DEBUG -- Installing: /tmp/tmp050chdw2/wheel/platlib/include/ggml-cann.h
DEBUG -- Installing: /tmp/tmp050chdw2/wheel/platlib/include/ggml-cpp.h
DEBUG -- Installing: /tmp/tmp050chdw2/wheel/platlib/include/ggml-cuda.h
DEBUG -- Installing: /tmp/tmp050chdw2/wheel/platlib/include/ggml-opt.h
DEBUG -- Installing: /tmp/tmp050chdw2/wheel/platlib/include/ggml-metal.h
DEBUG -- Installing: /tmp/tmp050chdw2/wheel/platlib/include/ggml-rpc.h
DEBUG -- Installing: /tmp/tmp050chdw2/wheel/platlib/include/ggml-sycl.h
DEBUG -- Installing: /tmp/tmp050chdw2/wheel/platlib/include/ggml-vulkan.h
DEBUG -- Installing: /tmp/tmp050chdw2/wheel/platlib/include/ggml-webgpu.h
DEBUG -- Installing: /tmp/tmp050chdw2/wheel/platlib/include/gguf.h
DEBUG -- Installing: /tmp/tmp050chdw2/wheel/platlib/lib/libggml-base.so
DEBUG -- Installing: /tmp/tmp050chdw2/wheel/platlib/lib/cmake/ggml/ggml-config.cmake
DEBUG -- Installing: /tmp/tmp050chdw2/wheel/platlib/lib/cmake/ggml/ggml-version.cmake
DEBUG -- Installing: /tmp/tmp050chdw2/wheel/platlib/lib/libllama.so
DEBUG -- Installing: /tmp/tmp050chdw2/wheel/platlib/include/llama.h
DEBUG -- Installing: /tmp/tmp050chdw2/wheel/platlib/include/llama-cpp.h
DEBUG -- Installing: /tmp/tmp050chdw2/wheel/platlib/lib/cmake/llama/llama-config.cmake
DEBUG -- Installing: /tmp/tmp050chdw2/wheel/platlib/lib/cmake/llama/llama-version.cmake
DEBUG -- Installing: /tmp/tmp050chdw2/wheel/platlib/bin/convert_hf_to_gguf.py
DEBUG -- Installing: /tmp/tmp050chdw2/wheel/platlib/lib/pkgconfig/llama.pc
DEBUG -- Installing: /tmp/.tmpzW9idy/sdists-v9/pypi/llama-cpp-python/0.3.16/6QoL7-L45E3aUIO8EfE9V/src/llama_cpp/lib/libllama.so
DEBUG -- Installing: /tmp/tmp050chdw2/wheel/platlib/llama_cpp/lib/libllama.so
DEBUG -- Installing: /tmp/.tmpzW9idy/sdists-v9/pypi/llama-cpp-python/0.3.16/6QoL7-L45E3aUIO8EfE9V/src/llama_cpp/lib/libggml.so
DEBUG -- Installing: /tmp/tmp050chdw2/wheel/platlib/llama_cpp/lib/libggml.so
DEBUG -- Installing: /tmp/.tmpzW9idy/sdists-v9/pypi/llama-cpp-python/0.3.16/6QoL7-L45E3aUIO8EfE9V/src/llama_cpp/lib/libggml-base.so
DEBUG -- Installing: /tmp/tmp050chdw2/wheel/platlib/llama_cpp/lib/libggml-base.so
DEBUG -- Installing: /tmp/.tmpzW9idy/sdists-v9/pypi/llama-cpp-python/0.3.16/6QoL7-L45E3aUIO8EfE9V/src/llama_cpp/lib/libggml-cpu.so
DEBUG -- Installing: /tmp/tmp050chdw2/wheel/platlib/llama_cpp/lib/libggml-cpu.so
DEBUG -- Installing: /tmp/tmp050chdw2/wheel/platlib/lib/libmtmd.so
DEBUG -- Installing: /tmp/tmp050chdw2/wheel/platlib/include/mtmd.h
DEBUG -- Installing: /tmp/tmp050chdw2/wheel/platlib/include/mtmd-helper.h
DEBUG -- Installing: /tmp/tmp050chdw2/wheel/platlib/bin/llama-mtmd-cli
DEBUG -- Set runtime path of "/tmp/tmp050chdw2/wheel/platlib/bin/llama-mtmd-cli" to ""
DEBUG -- Installing: /tmp/.tmpzW9idy/sdists-v9/pypi/llama-cpp-python/0.3.16/6QoL7-L45E3aUIO8EfE9V/src/llama_cpp/lib/libmtmd.so
DEBUG -- Installing: /tmp/tmp050chdw2/wheel/platlib/llama_cpp/lib/libmtmd.so
DEBUG *** Making wheel...
DEBUG *** Created llama_cpp_python-0.3.16-cp312-cp312-linux_x86_64.whl
DEBUG Finished building: llama-cpp-python==0.3.16
      Built llama-cpp-python==0.3.16
DEBUG Released lock at `/tmp/.tmpzW9idy/sdists-v9/pypi/llama-cpp-python/0.3.16/.lock`
Prepared 6 packages in 1m 08s
DEBUG Uninstalled markupsafe (13 files, 4 directories)
DEBUG Uninstalled numpy (905 files, 99 directories)
DEBUG Uninstalled jinja2 (33 files, 4 directories)
DEBUG Uninstalled diskcache (14 files, 3 directories)
DEBUG Uninstalled typing-extensions (7 files, 2 directories)
Uninstalled 5 packages in 71ms
Installed 6 packages in 86ms
 ~ diskcache==5.6.3
 ~ jinja2==3.1.6
 + llama-cpp-python==0.3.16
 ~ markupsafe==3.0.3
 ~ numpy==2.3.3
 ~ typing-extensions==4.15.0
DEBUG Released lock at `/home/wsutt/dev/pkg/innocuous/.venv/.lock`
DEBUG Released lock at `/tmp/.tmpzW9idy/.lock`
